,Vdrive,X,Y,endTime,freq,sensitivity,startTime
0,1.5,3.33787741667e-06,7.94736208333e-07,1542852335.36,2.0,0.05,1542852328.39
1,1.5,-8.26521858333e-06,1.30336229167e-05,1542852341.86,2.1,0.05,1542852335.38
2,1.5,1.54972935833e-05,-9.93416454167e-06,1542852348.91,2.2,0.05,1542852341.87
3,1.5,2.62262120833e-06,3.17895791667e-07,1542852355.85,2.3,0.05,1542852348.91
4,1.5,-1.24773089583e-05,3.57630166667e-06,1542852363.2,2.4,0.05,1542852355.85
5,1.5,-7.152596875e-06,-1.22388860833e-05,1542852369.89,2.5,0.05,1542852363.2
6,1.5,-9.53679791667e-07,6.75523633333e-06,1542852376.85,2.6,0.05,1542852369.9
7,1.5,-9.85469470833e-06,-1.0172581e-05,1542852383.92,2.7,0.05,1542852376.85
8,1.5,-2.940515125e-06,-7.311547125e-06,1542852390.84,2.8,0.05,1542852383.93
9,1.5,-1.6689345e-06,-3.97366958333e-06,1542852397.92,2.9,0.05,1542852390.84
10,1.5,-1.35104945833e-06,1.827885125e-06,1542852404.84,3.0,0.05,1542852397.93
0,1.5,-2.4636755e-06,-3.25840820833e-06,1542852411.85,3.1,0.05,1542852404.86
1,1.5,-6.99365891667e-06,6.11944345833e-06,1542852418.85,3.2,0.05,1542852411.85
2,1.5,-1.0887837e-05,2.225247e-06,1542852425.89,3.3,0.05,1542852418.85
3,1.5,-1.748415625e-06,-1.18415281667e-05,1542852432.87,3.4,0.05,1542852425.9
4,1.5,-3.41735595833e-06,7.708914e-06,1542852439.87,3.5,0.05,1542852432.87
5,1.5,3.65576966667e-06,-1.58946958333e-07,1542852446.91,3.6,0.05,1542852439.87
6,1.5,5.56313045833e-06,-8.18575670833e-06,1542852453.85,3.7,0.05,1542852446.91
7,1.5,6.25613636e-06,-1.83106692e-06,1542852460.93,3.8,0.05,1542852453.86
8,1.5,-5.086285e-06,-1.58948416667e-07,1542852467.84,3.9,0.05,1542852460.93
9,1.5,-9.00273196e-06,7.63004e-08,1542852474.85,4.0,0.05,1542852467.85
0,1.5,-1.93120191667e-05,-2.94051354167e-06,1542852481.85,4.1,0.05,1542852474.85
1,1.5,1.88351704167e-05,-1.81993916667e-05,1542852489.3,4.2,0.05,1542852481.86
2,1.5,-1.3192572875e-05,-1.81993820833e-05,1542852495.85,4.3,0.05,1542852489.3
3,1.5,-7.07312525e-06,-3.02793130417e-05,1542852502.9,4.4,0.05,1542852495.85
4,1.5,-1.20799411667e-05,-1.5815172125e-05,1542852509.87,4.5,0.05,1542852502.9
5,1.5,-4.6889215e-06,-1.26362494583e-05,1542852516.86,4.6,0.05,1542852509.88
6,1.5,-1.32720412917e-05,-6.914180125e-06,1542852523.88,4.7,0.05,1542852516.87
7,1.5,-1.1126267875e-05,-1.5815187375e-05,1542852530.89,4.8,0.05,1542852523.88
8,1.5,-9.69575029167e-06,-1.58946916667e-07,1542852537.94,4.9,0.05,1542852530.89
9,1.5,-1.35104672083e-05,-9.69574333333e-06,1542852544.85,5.0,0.05,1542852537.95
0,1.5,-2.36035775e-05,-5.80155329167e-06,1542852551.96,5.1,0.05,1542852544.86
1,1.5,-2.972302e-05,-1.446414575e-05,1542852558.87,5.2,0.05,1542852551.96
2,1.5,-4.97502420833e-05,3.89419195833e-06,1542852565.91,5.3,0.05,1542852558.88
3,1.5,-7.065184e-05,4.22797933333e-05,1542852572.84,5.4,0.05,1542852565.91
4,1.5,1.565624825e-05,5.53928741667e-05,1542852579.9,5.5,0.05,1542852572.85
5,1.5,2.193464e-05,1.70867618333e-05,1542852587.2,5.6,0.05,1542852579.91
6,1.5,7.15260108333e-06,1.36694112917e-05,1542852593.84,5.7,0.05,1542852587.2
7,1.5,6.11944541667e-06,1.23978275e-05,1542852600.86,5.8,0.05,1542852593.85
8,1.5,2.026569125e-05,1.46230983333e-05,1542852607.88,5.9,0.05,1542852600.87
9,1.5,6.43734345833e-06,8.10628008333e-06,1542852614.94,6.0,0.05,1542852607.88
0,1.5,6.11945075e-06,7.62943995833e-06,1542852621.85,6.1,0.05,1542852614.96
1,1.5,7.629442625e-06,3.25840570833e-06,1542852628.92,6.2,0.05,1542852621.85
2,1.5,5.32471004167e-06,1.66894145833e-06,1542852635.85,6.3,0.05,1542852628.93
3,1.5,6.75523433333e-06,4.688927125e-06,1542852643.27,6.4,0.05,1542852635.86
4,1.5,-3.17895583333e-07,-2.38420375e-07,1542852649.82,6.5,0.05,1542852643.28
5,1.5,7.86785858333e-06,3.73524845833e-06,1542852656.91,6.6,0.05,1542852649.83
6,1.5,3.25840416667e-06,-3.417355875e-06,1542852663.83,6.7,0.05,1542852656.92
7,1.5,-1.668940875e-06,3.73524733333e-06,1542852671.33,6.8,0.05,1542852663.83
8,1.5,-9.05995958333e-06,-1.0093108e-05,1542852677.92,6.9,0.05,1542852671.34
9,1.5,2.54314716667e-06,-4.053140625e-06,1542852685.31,7.0,0.05,1542852677.92
0,1.5,-4.92734354167e-06,-5.881031625e-06,1542852691.93,7.1,0.05,1542852685.32
1,1.5,-1.3987321875e-05,6.35785875e-06,1542852698.85,7.2,0.05,1542852691.94
2,1.5,-8.18574970833e-06,-9.53679708333e-07,1542852705.92,7.3,0.05,1542852698.86
3,1.5,-1.93120025417e-05,-3.17893833333e-07,1542852712.85,7.4,0.05,1542852705.93
4,1.5,-2.59082891667e-05,6.83470958333e-06,1542852720.28,7.5,0.05,1542852712.85
5,1.5,-6.23865925e-05,1.07288985e-05,1542852726.82,7.6,0.05,1542852720.29
6,1.5,-8.15396216667e-05,4.378978125e-05,1542852733.9,7.7,0.05,1542852726.83
7,1.5,-8.61490445833e-05,6.69960770833e-05,1542852740.83,7.8,0.05,1542852733.91
8,1.5,-9.354002125e-05,7.073131125e-05,1542852748.34,7.9,0.05,1542852740.84
9,1.5,-0.0001587082375,0.0001568008875,1542852754.92,8.0,0.05,1542852748.34
0,1.5,-8.074489e-05,0.000346185645833,1542852761.85,8.1,0.05,1542852754.93
1,1.5,0.0002065508875,0.0003949819625,1542852768.89,8.2,0.05,1542852761.87
2,1.5,0.000332834204167,0.000263851775,1542852775.86,8.3,0.05,1542852768.89
3,1.5,0.0002938130375,0.000146389941667,1542852782.94,8.4,0.05,1542852775.87
4,1.5,0.000285627333333,7.87580691667e-05,1542852789.86,8.5,0.05,1542852782.94
5,1.5,0.0002467648875,2.924618375e-05,1542852797.32,8.6,0.05,1542852789.86
6,1.5,0.000213067666667,5.56313245833e-06,1542852804.18,8.7,0.05,1542852797.33
7,1.5,0.000188669479167,-2.43983129167e-05,1542852811.35,8.8,0.05,1542852804.18
8,1.5,0.0001831064,-2.78951166667e-05,1542852817.86,8.9,0.05,1542852811.35
9,1.5,0.000180245383333,-5.88896979167e-05,1542852825.36,9.0,0.05,1542852817.86
0,1.5,0.0001715033875,-8.289066e-05,1542852831.87,9.1,0.05,1542852825.37
1,1.5,0.0001752386125,-0.000122071091667,1542852838.87,9.2,0.05,1542852831.88
2,1.5,0.000149489391667,-0.00019613995,1542852845.89,9.3,0.05,1542852838.87
3,1.5,8.034752875e-05,-0.000218948666667,1542852852.86,9.4,0.05,1542852845.89
4,1.5,9.139437125e-06,-0.0001845369,1542852859.8,9.5,0.05,1542852852.86
5,1.5,-1.64509758333e-05,-0.000142495770833,1542852866.85,9.6,0.05,1542852859.8
6,1.5,-3.61603866667e-05,-9.759313125e-05,1542852874.29,9.7,0.05,1542852866.86
7,1.5,-2.948460625e-05,-6.699608875e-05,1542852880.81,9.8,0.05,1542852874.3
8,1.5,-4.084928125e-05,-4.56176541667e-05,1542852888.31,9.9,0.05,1542852880.82
9,1.5,-4.09287520833e-05,-2.24909354167e-05,1542852894.84,10.0,0.05,1542852888.31
0,1.5,-8.066541875e-05,9.85469275e-06,1542852902.33,10.1,0.05,1542852894.85
1,1.5,-8.19369854167e-05,1.883518125e-05,1542852908.89,10.2,0.05,1542852902.34
2,1.5,-8.5910625e-05,3.18688175e-05,1542852915.85,10.3,0.05,1542852908.89
3,1.5,-7.724808625e-05,3.40146183333e-05,1542852922.88,10.4,0.05,1542852915.85
4,1.5,-9.34605495833e-05,3.83856258333e-05,1542852929.87,10.5,0.05,1542852922.88
5,1.5,-0.000106732504167,5.181653875e-05,1542852937.2,10.6,0.05,1542852929.88
6,1.5,-0.000117222970833,6.32608041667e-05,1542852943.87,10.7,0.05,1542852937.21
7,1.5,-0.000128508533333,8.07448916667e-05,1542852951.33,10.8,0.05,1542852943.88
8,1.5,-0.000139952641667,0.000108639845833,1542852957.84,10.9,0.05,1542852951.33
9,1.5,-0.000152111991667,0.000190179475,1542852964.91,11.0,0.05,1542852957.85
0,1.5,3.67961404167e-05,0.000370186433333,1542852971.81,11.1,0.05,1542852964.91
1,1.5,0.0002501824,0.0002588449625,1542852979.35,11.2,0.05,1542852971.82
2,1.5,0.000272593779167,0.000194153108333,1542852985.86,11.3,0.05,1542852979.36
3,1.5,0.00028912415,0.000163715045833,1542852992.87,11.4,0.05,1542852985.86
4,1.5,0.000300170841667,0.000132561666667,1542852999.89,11.5,0.05,1542852992.87
5,1.5,0.00030160135,9.82289191667e-05,1542853006.85,11.6,0.05,1542852999.89
6,1.5,0.000303826591667,8.32880229167e-05,1542853014.27,11.7,0.05,1542853006.87
7,1.5,0.000306210766667,6.65192504167e-05,1542853020.88,11.8,0.05,1542853014.28
8,1.5,0.000295958804167,5.18165391667e-05,1542853028.19,11.9,0.05,1542853020.89
9,1.5,0.000301124516667,3.98161358333e-05,1542853035.33,12.0,0.05,1542853028.2
0,1.5,0.000297707175,2.59082708333e-05,1542853042.3,12.1,0.05,1542853035.34
1,1.5,0.000297707179167,2.121936875e-05,1542853048.81,12.2,0.05,1542853042.3
2,1.5,0.000293018316667,1.35899405833e-05,1542853055.9,12.3,0.05,1542853048.82
3,1.5,0.000294210404167,3.17893333333e-07,1542853062.86,12.4,0.05,1542853055.9
4,1.5,0.000301362925,-1.25567733333e-05,1542853069.86,12.5,0.05,1542853062.87
5,1.5,0.000305177629167,-3.89419608333e-06,1542853076.89,12.6,0.05,1542853069.86
6,1.5,0.000311694395833,-1.796097e-05,1542853083.87,12.7,0.05,1542853076.89
7,1.5,0.000317416445833,-2.392146625e-05,1542853090.93,12.8,0.05,1542853083.87
8,1.5,0.000333231566667,-3.67166608333e-05,1542853097.84,12.9,0.05,1542853090.93
9,1.5,0.000326953216667,-4.331294125e-05,1542853105.35,13.0,0.05,1542853097.84
0,1.5,0.000370424845833,-5.22933729167e-05,1542853111.86,13.1,0.05,1542853105.36
1,1.5,0.000399829829167,-8.56722108333e-05,1542853119.31,13.2,0.05,1542853111.87
2,1.5,0.000435115783333,-0.000113010866667,1542853125.84,13.3,0.05,1542853119.31
3,1.5,0.0004887609625,-0.000170152333333,1542853133.34,13.4,0.05,1542853125.84
4,1.5,0.000490588695833,-0.000246685233333,1542853139.87,13.5,0.05,1542853133.35
5,1.5,0.000450454020833,-0.000310979141667,1542853146.87,13.6,0.05,1542853139.87
6,1.5,0.000426930079167,-0.000363113375,1542853153.89,13.7,0.05,1542853146.87
7,1.5,0.000402770320833,-0.000371616945833,1542853160.88,13.8,0.05,1542853153.89
8,1.5,0.0003937104,-0.000410240766667,1542853168.24,13.9,0.05,1542853160.88
9,1.5,0.000342291470833,-0.000458162895833,1542853174.85,14.0,0.05,1542853168.25
0,1.5,0.000230472241667,-0.000475488295833,1542853181.93,14.1,0.05,1542853174.86
1,1.5,0.0001226273625,-0.000459116558333,1542853188.87,14.2,0.05,1542853181.94
2,1.5,4.45845079167e-05,-0.00040563135,1542853196.29,14.3,0.05,1542853188.87
3,1.5,1.74841341667e-05,-0.0003527819,1542853202.86,14.4,0.05,1542853196.29
4,1.5,1.65304550417e-05,-0.0003066081375,1542853210.35,14.5,0.05,1542853202.86
5,1.5,4.22797933333e-05,-0.000283084204167,1542853216.86,14.6,0.05,1542853210.36
6,1.5,5.253184125e-05,-0.0002702095875,1542853223.86,14.7,0.05,1542853216.87
7,1.5,9.36194958333e-05,-0.000266553833333,1542853230.91,14.8,0.05,1542853223.86
8,1.5,9.21889833333e-05,-0.000266871725,1542853237.88,14.9,0.05,1542853230.91
9,1.5,0.000113805595833,-0.000286104175,1542853245.23,15.0,0.05,1542853237.88
0,1.5,0.000141701029167,-0.0002933361875,1542853251.87,15.1,0.05,1542853245.24
1,1.5,0.000139923964,-0.000346071212,1542853259.24,15.2,0.05,1542853251.88
2,1.5,0.0001067325125,-0.000334979975,1542853265.87,15.3,0.05,1542853259.25
3,1.5,0.000137727379167,-0.000399273504167,1542853273.31,15.4,0.05,1542853265.87
4,1.5,0.0002033719625,-0.0005005238125,1542853279.86,15.5,0.05,1542853273.32
5,1.5,0.000192484179167,-0.0005301671625,1542853287.41,15.6,0.05,1542853279.87
6,1.5,0.0001842984625,-0.0006084479,1542853293.88,15.7,0.05,1542853287.41
7,1.5,0.00013693265,-0.000654780625,1542853300.86,15.8,0.05,1542853293.88
8,1.5,8.53543166667e-05,-0.000702066970833,1542853307.9,15.9,0.05,1542853300.87
9,1.5,1.67688820833e-05,-0.000742995466667,1542853314.89,16.0,0.05,1542853307.9
0,1.5,-4.63329104167e-05,-0.000721060995833,1542853321.87,16.1,0.05,1542853314.9
1,1.5,-9.20300379167e-05,-0.000717325766667,1542853328.86,16.2,0.05,1542853321.87
2,1.5,-0.000124614220833,-0.000722412041667,1542853336.22,16.3,0.05,1542853328.86
3,1.5,-0.000173092841667,-0.000698649633333,1542853342.86,16.4,0.05,1542853336.22
4,1.5,-0.000241280991667,-0.000691338120833,1542853350.3,16.5,0.05,1542853342.87
5,1.5,-0.000313999120833,-0.000682437166667,1542853356.87,16.6,0.05,1542853350.31
6,1.5,-0.000376782670833,-0.000613454729167,1542853363.91,16.7,0.05,1542853356.88
7,1.5,-0.000444731970833,-0.0005196767875,1542853370.87,16.8,0.05,1542853363.91
8,1.5,-0.000499093283333,-0.0004245459,1542853377.84,16.9,0.05,1542853370.87
9,1.5,-0.000578566145833,-0.000314555433333,1542853384.91,17.0,0.05,1542853377.85
0,1.5,-0.000653826958333,-0.000184854795833,1542853392.2,17.1,0.05,1542853384.92
1,1.5,-0.000710570575,-8.09833120833e-05,1542853399.34,17.2,0.05,1542853392.21
2,1.5,-0.000719789429167,-7.470493625e-06,1542853405.85,17.3,0.05,1542853399.34
3,1.5,-0.000706040620833,3.78293158333e-05,1542853412.95,17.4,0.05,1542853405.86
4,1.5,-0.00069801385,6.969816625e-05,1542853419.86,17.5,0.05,1542853412.96
5,1.5,-0.0006665839,8.9340674e-05,1542853427.32,17.6,0.05,1542853419.86
6,1.5,-0.000651124883333,0.0001145208375,1542853433.87,17.7,0.05,1542853427.32
7,1.5,-0.000634832929167,0.00013462795,1542853440.9,17.8,0.05,1542853433.87
8,1.5,-0.000614964708333,0.000143608383333,1542853447.84,17.9,0.05,1542853440.91
9,1.5,-0.000598990645833,0.000152906729167,1542853455.18,18.0,0.05,1542853447.84
0,1.5,-0.00057975825,0.0001518735875,1542853462.23,18.1,0.05,1542853455.19
1,1.5,-0.0005559958625,0.000153780925,1542853468.87,18.2,0.05,1542853462.23
2,1.5,-0.000544074908333,0.000151476208333,1542853475.89,18.3,0.05,1542853468.88
3,1.5,-0.0005341408,0.000155847208333,1542853482.85,18.4,0.05,1542853475.89
4,1.5,-0.000515862075,0.000160615591667,1542853489.8,18.5,0.05,1542853482.86
5,1.5,-0.000498378020833,0.000169198675,1542853496.88,18.6,0.05,1542853489.8
6,1.5,-0.000478905333333,0.0001739670375,1542853504.3,18.7,0.05,1542853496.89
7,1.5,-0.00045975235,0.0001773049125,1542853510.87,18.8,0.05,1542853504.31
8,1.5,-0.000426214829167,0.000177543320833,1542853518.33,18.9,0.05,1542853510.87
9,1.5,-0.000394584608333,0.000163158720833,1542853524.89,19.0,0.05,1542853518.33
0,1.5,-0.0003569939875,0.000124296454167,1542853532.34,19.1,0.05,1542853524.89
1,1.5,-0.000343404075,7.86785975e-05,1542853539.21,19.2,0.05,1542853532.35
2,1.5,-0.000364305458333,4.27566291667e-05,1542853545.86,19.3,0.05,1542853539.22
3,1.5,-0.000387511520833,3.84651e-05,1542853552.88,19.4,0.05,1542853545.86
4,1.5,-0.000417949629167,4.83197333333e-05,1542853559.85,19.5,0.05,1542853552.88
5,1.5,-0.000430824258333,6.43734825e-05,1542853566.93,19.6,0.05,1542853559.86
6,1.5,-0.0004440167125,7.748650375e-05,1542853573.85,19.7,0.05,1542853566.94
7,1.5,-0.000446003520833,8.91690125e-05,1542853581.28,19.8,0.05,1542853573.86
8,1.5,-0.0004573681625,0.000103950941667,1542853587.87,19.9,0.05,1542853581.28
9,1.5,-0.000446559833333,0.000117143470833,1542853595.38,20.0,0.05,1542853587.87
0,1.5,-0.000446321433333,0.0001312106125,1542853601.81,20.1,0.05,1542853595.38
1,1.5,-0.000439963583333,0.0001417805,1542853609.34,20.2,0.05,1542853601.82
2,1.5,-0.000422161720833,0.0001562445875,1542853615.89,20.3,0.05,1542853609.35
3,1.5,-0.000413181258333,0.0001684834125,1542853622.86,20.4,0.05,1542853615.89
4,1.5,-0.000406267129167,0.0001750796625,1542853629.89,20.5,0.05,1542853622.86
5,1.5,-0.000397763529167,0.000186523720833,1542853636.86,20.6,0.05,1542853629.9
6,1.5,-0.000388385720833,0.000187874754167,1542853643.93,20.7,0.05,1542853636.87
7,1.5,-0.000383617341667,0.000195027308333,1542853650.87,20.8,0.05,1542853643.94
8,1.5,-0.000371537466667,0.0002028156625,1542853658.33,20.9,0.05,1542853650.87
9,1.5,-0.000365259125,0.000216564479167,1542853664.87,21.0,0.05,1542853658.33
0,1.5,-0.0003425299,0.00023746585,1542853671.86,21.1,0.05,1542853664.88
1,1.5,-0.000326078983333,0.000247798179167,1542853678.84,21.2,0.05,1542853671.86
2,1.5,-0.000319641691667,0.000241757566667,1542853686.35,21.3,0.05,1542853678.85
3,1.5,-0.00030303185,0.000244778075,1542853692.87,21.4,0.05,1542853686.36
4,1.5,-0.00030303185,0.000236512179167,1542853699.85,21.5,0.05,1542853692.88
5,1.5,-0.000317098566667,0.000231664320833,1542853706.89,21.6,0.05,1542853699.86
6,1.5,-0.000294607745833,0.0002284059375,1542853713.87,21.7,0.05,1542853706.9
7,1.5,-0.000277600570833,0.000224988604167,1542853721.2,21.8,0.05,1542853713.88
8,1.5,-0.00027148115,0.000225385958333,1542853727.87,21.9,0.05,1542853721.22
9,1.5,-0.000275693229167,0.0002132266125,1542853735.3,22.0,0.05,1542853727.88
0,1.5,-0.000277044258333,0.000201703033333,1542853741.84,22.1,0.05,1542853735.31
1,1.5,-0.00027704425,0.000197808870833,1542853748.84,22.2,0.05,1542853741.85
2,1.5,-0.000279507925,0.0001858879375,1542853756.2,22.3,0.05,1542853748.84
3,1.5,-0.000322900079167,0.000166576058333,1542853762.91,22.4,0.05,1542853756.21
4,1.5,-0.000332516295833,0.000161251379167,1542853769.82,22.5,0.05,1542853762.92
5,1.5,-0.00033792045,0.000169039725,1542853776.86,22.6,0.05,1542853769.83
6,1.5,-0.0003140785875,0.0001951067875,1542853783.89,22.7,0.05,1542853776.86
7,1.5,-0.000315588579167,0.000195265720833,1542853790.86,22.8,0.05,1542853783.89
8,1.5,-0.0003630339,0.000199477795833,1542853798.2,22.9,0.05,1542853790.87
9,1.5,-0.000356835025,0.000204405125,1542853804.87,23.0,0.05,1542853798.21
0,1.5,-0.000375034279167,0.0002121139875,1542853812.28,23.1,0.05,1542853804.87
1,1.5,-0.000404200829167,0.000236989025,1542853818.83,23.2,0.05,1542853812.29
2,1.5,-0.000419062270833,0.000274819020833,1542853826.3,23.3,0.05,1542853818.84
3,1.5,-0.000432413708333,0.000308118120833,1542853832.88,23.4,0.05,1542853826.31
4,1.5,-0.000424069054167,0.000341973595833,1542853840.35,23.5,0.05,1542853832.89
5,1.5,-0.0004205722625,0.000374954775,1542853846.84,23.6,0.05,1542853840.36
6,1.5,-0.000426103564,0.00040283388,1542853853.88,23.7,0.05,1542853846.85
7,1.5,-0.00042232065,0.000416598604167,1542853860.88,23.8,0.05,1542853853.89
8,1.5,-0.000424625358333,0.000429234804167,1542853867.87,23.9,0.05,1542853860.89
9,1.5,-0.0004088897125,0.0004384536125,1542853875.23,24.0,0.05,1542853867.87
0,1.5,-0.0003941872375,0.000440599383333,1542853881.88,24.1,0.05,1542853875.24
1,1.5,-0.000398240354167,0.000434003145833,1542853889.3,24.2,0.05,1542853881.89
2,1.5,-0.000366928045833,0.000400386129167,1542853895.82,24.3,0.05,1542853889.3
3,1.5,-0.00025828835,0.000277600320833,1542853903.3,24.4,0.05,1542853895.83
4,1.5,-0.000268938029167,0.000302793466667,1542853909.82,24.5,0.05,1542853903.3
5,1.5,-0.000312886491667,0.0003960946,1542853916.91,24.6,0.05,1542853909.83
6,1.5,-0.000316383316667,0.000431698466667,1542853923.85,24.7,0.05,1542853916.91
7,1.5,-0.0003313242125,0.000462613375,1542853930.85,24.8,0.05,1542853923.85
8,1.5,-0.000335615745833,0.000483833270833,1542853937.88,24.9,0.05,1542853930.86
9,1.5,-0.000354927675,0.000504417979167,1542853944.87,25.0,0.05,1542853937.88
0,1.5,-0.000388544666667,0.000530802929167,1542853952.21,25.1,0.05,1542853944.87
1,1.5,-0.000383935241667,0.000518246241667,1542853958.89,25.2,0.05,1542853952.21
2,1.5,-0.000349920870833,0.0004369442,1542853966.24,25.3,0.05,1542853958.89
3,1.5,-0.000299932420833,0.000442665691667,1542853972.84,25.4,0.05,1542853966.25
4,1.5,-0.000347902252,0.000503085172,1542853980.31,25.5,0.05,1542853972.85
5,1.5,-0.000337046270833,0.000528418754167,1542853987.42,25.6,0.05,1542853980.31
6,1.5,-0.000350795079167,0.0005680757375,1542853993.91,25.7,0.05,1542853987.43
7,1.5,-0.000361206025,0.000595255445833,1542854000.86,25.8,0.05,1542853993.91
8,1.5,-0.0003760674125,0.000621560958333,1542854007.86,25.9,0.05,1542854000.87
9,1.5,-0.000382107345833,0.0006339587375,1542854014.89,26.0,0.05,1542854007.87
0,1.5,-0.000396174054167,0.000651124875,1542854021.88,26.1,0.05,1542854014.89
1,1.5,-0.000397207220833,0.000661297383333,1542854029.27,26.2,0.05,1542854021.88
2,1.5,-0.0004069029,0.000714623691667,1542854035.88,26.3,0.05,1542854029.28
3,1.5,-0.000374319025,0.0006922918,1542854043.27,26.4,0.05,1542854035.88
4,1.5,-0.000400545079167,0.0007456975625,1542854049.86,26.5,0.05,1542854043.27
5,1.5,-0.000425737991667,0.000787023475,1542854057.3,26.6,0.05,1542854049.88
6,1.5,-0.000406982375,0.000768585741667,1542854064.37,26.7,0.05,1542854057.3
7,1.5,-0.000386796266667,0.0007499096125,1542854070.88,26.8,0.05,1542854064.37
8,1.5,-0.000315826995833,0.0006088453,1542854077.86,26.9,0.05,1542854070.89
9,1.5,-0.0003078796875,0.000646038604167,1542854084.87,27.0,0.05,1542854077.87
0,1.5,-0.000318688033333,0.000734809791667,1542854091.89,27.1,0.05,1542854084.88
1,1.5,-0.000324886908333,0.000797354933333,1542854098.88,27.2,0.05,1542854091.9
2,1.5,-0.000320595383333,0.000826839345833,1542854106.28,27.3,0.05,1542854098.88
3,1.5,-0.000317734358333,0.000860059025,1542854112.87,27.4,0.05,1542854106.28
4,1.5,-0.000314078595833,0.0008948681125,1542854119.83,27.5,0.05,1542854112.88
5,1.5,-0.000304144470833,0.000922206808333,1542854126.88,27.6,0.05,1542854119.83
6,1.5,-0.000299455588,0.000950244788,1542854134.32,27.7,0.05,1542854126.89
7,1.5,-0.000292223575,0.0009928618875,1542854140.84,27.8,0.05,1542854134.32
8,1.5,-0.0002901573,0.00103553866667,1542854148.34,27.9,0.05,1542854140.84
9,1.5,-0.0002816537,0.00105779129167,1542854154.85,28.0,0.05,1542854148.34
0,1.5,-0.000280779491667,0.00110913075,1542854161.89,28.1,0.05,1542854154.86
1,1.5,-0.000290713591667,0.00113853579167,1542854168.88,28.2,0.05,1542854161.9
2,1.5,-0.000258447616667,0.00114123775,1542854175.87,28.3,0.05,1542854168.88
3,1.5,-0.000248672433333,0.00116285441667,1542854182.9,28.4,0.05,1542854175.87
4,1.5,-0.000240724608333,0.00123827416667,1542854189.85,28.5,0.05,1542854182.9
5,1.5,-0.000221491795833,0.00129247454167,1542854196.92,28.6,0.05,1542854189.85
6,1.5,-0.000202656720833,0.00135462241667,1542854203.87,28.7,0.05,1542854196.93
7,1.5,-0.000179902072,0.00141876956,1542854211.31,28.8,0.05,1542854203.87
8,1.5,-0.00014813835,0.00148257358333,1542854217.85,28.9,0.05,1542854211.32
9,1.5,-0.00013327685,0.00158056379167,1542854224.89,29.0,0.05,1542854217.85
0,1.5,-9.91825870833e-05,0.001683878375,1542854231.85,29.1,0.05,1542854224.9
1,1.5,-3.608087375e-05,0.00174133725,1542854238.89,29.2,0.05,1542854231.85
2,1.5,1.9073598875e-05,0.00181031966667,1542854245.86,29.3,0.05,1542854238.9
3,1.5,8.24138183333e-05,0.00188105045833,1542854252.85,29.4,0.05,1542854245.86
4,1.5,0.000197967829167,0.00209936995833,1542854259.86,29.5,0.05,1542854252.86
5,1.5,0.000320118554167,0.00216215358333,1542854266.86,29.6,0.05,1542854259.87
6,1.5,0.000482482366667,0.00218917416667,1542854273.83,29.7,0.05,1542854266.86
7,1.5,0.000669244670833,0.002366796125,1542854280.87,29.8,0.05,1542854273.83
8,1.5,0.000885887695833,0.002469395625,1542854288.3,29.9,0.05,1542854280.88
9,1.5,0.001102613875,0.00250150266667,1542854294.84,30.0,0.05,1542854288.3
0,1.5,0.00146079795833,0.002500787375,1542854301.84,30.1,0.05,1542854294.85
1,1.5,0.00182160483333,0.002392386375,1542854308.81,30.2,0.05,1542854301.85
2,1.5,0.002147530625,0.002196803625,1542854316.31,30.3,0.05,1542854308.82
3,1.5,0.002465263,0.001982465375,1542854322.81,30.4,0.05,1542854316.32
4,1.5,0.00272664920833,0.00168300420833,1542854329.82,30.5,0.05,1542854322.82
5,1.5,0.002915158875,0.00133793304167,1542854336.87,30.6,0.05,1542854329.82
6,1.5,0.002892032375,0.000932220379167,1542854343.87,30.7,0.05,1542854336.87
7,1.5,0.00295656404167,0.0005412138875,1542854350.94,30.8,0.05,1542854343.88
8,1.5,0.00304295104167,0.000190020529167,1542854357.83,30.9,0.05,1542854350.95
9,1.5,0.00301489733333,-0.000157277679167,1542854365.27,31.0,0.05,1542854357.84
0,1.5,0.00287216416667,-0.000424784320833,1542854371.86,31.1,0.05,1542854365.28
1,1.5,0.00268487504,-0.000604175456,1542854379.29,31.2,0.05,1542854371.86
2,1.5,0.002535358125,-0.000750704345833,1542854385.85,31.3,0.05,1542854379.3
3,1.5,0.002306953,-0.000871185233333,1542854392.92,31.4,0.05,1542854385.86
4,1.5,0.00222366541667,-0.0009473201875,1542854399.88,31.5,0.05,1542854392.92
5,1.5,0.00200646625,-0.00097267315,1542854406.86,31.6,0.05,1542854399.88
6,1.5,0.0018418705,-0.000985947733333,1542854413.9,31.7,0.05,1542854406.86
7,1.5,0.00172893941667,-0.000994848670833,1542854420.85,31.8,0.05,1542854413.91
8,1.5,0.00157706679167,-0.00101638595833,1542854427.95,31.9,0.05,1542854420.86
9,1.5,0.00148773929167,-0.00102671729167,1542854434.85,32.0,0.05,1542854427.95
0,1.5,0.00135883445833,-0.00100192177917,1542854442.29,32.1,0.05,1542854434.85
1,1.5,0.00126378483333,-0.000956459575,1542854448.86,32.2,0.05,1542854442.29
2,1.5,0.00118566308333,-0.0009218094375,1542854455.86,32.3,0.05,1542854448.86
3,1.5,0.00110396495833,-0.000878576175,1542854462.83,32.4,0.05,1542854455.87
4,1.5,0.00106168533333,-0.00084416445,1542854470.26,32.5,0.05,1542854462.84
5,1.5,0.00102417420833,-0.0008143621,1542854476.82,32.6,0.05,1542854470.27
6,1.5,0.000977255392,-0.000805210016,1542854484.2,32.7,0.05,1542854476.83
7,1.5,0.000934366145833,-0.000807447979167,1542854490.89,32.8,0.05,1542854484.21
8,1.5,0.000890020275,-0.000815395245833,1542854497.86,32.9,0.05,1542854490.9
9,1.5,0.0008283493375,-0.000806414816667,1542854504.97,33.0,0.05,1542854497.87
0,1.5,0.000777804616667,-0.00079330185,1542854511.86,33.1,0.05,1542854505.0
1,1.5,0.00072815314,-0.000765766064,1542854519.24,33.2,0.05,1542854511.87
2,1.5,0.000697139641667,-0.000739419195833,1542854525.86,33.3,0.05,1542854519.24
3,1.5,0.000669483095833,-0.0007133521125,1542854533.29,33.4,0.05,1542854525.87
4,1.5,0.000607971095833,-0.0006933249375,1542854539.84,33.5,0.05,1542854533.3
5,1.5,0.000587626070833,-0.0006742514375,1542854546.91,33.6,0.05,1542854539.84
6,1.5,0.000559572129167,-0.00065883375,1542854553.84,33.7,0.05,1542854546.92
7,1.5,0.000526590895833,-0.000631336125,1542854560.88,33.8,0.05,1542854553.84
8,1.5,0.000490032920833,-0.0006028848125,1542854567.89,33.9,0.05,1542854560.88
9,1.5,0.000479779516667,-0.000595017029167,1542854574.89,34.0,0.05,1542854567.89
0,1.5,0.000460588404,-0.00058472054,1542854582.17,34.1,0.05,1542854574.9
1,1.5,0.000425817458333,-0.0005846061,1542854588.86,34.2,0.05,1542854582.17
2,1.5,0.0004017371625,-0.000567439941667,1542854595.94,34.3,0.05,1542854588.86
3,1.5,0.000366848583333,-0.000552578516667,1542854602.86,34.4,0.05,1542854595.94
4,1.5,0.000351112966667,-0.000535014995833,1542854609.84,34.5,0.05,1542854602.86
5,1.5,0.000342291479167,-0.000508391633333,1542854616.82,34.6,0.05,1542854609.85
6,1.5,0.0002937336,-0.00047970005,1542854623.89,34.7,0.05,1542854616.83
7,1.5,0.000281494758333,-0.000460785495833,1542854630.85,34.8,0.05,1542854623.9
8,1.5,0.000292055104,-0.00045387452,1542854637.86,34.9,0.05,1542854630.85
9,1.5,0.000279031075,-0.000427089016667,1542854644.88,35.0,0.05,1542854637.86
0,1.5,0.000260911258333,-0.000409604975,1542854651.86,35.1,0.05,1542854644.89
1,1.5,0.000244447476,-0.000390474272,1542854659.22,35.2,0.05,1542854651.86
2,1.5,0.000230710654167,-0.000366212816667,1542854665.86,35.3,0.05,1542854659.22
3,1.5,0.000251056620833,-0.000370106970833,1542854672.94,35.4,0.05,1542854665.87
4,1.5,0.000222286516667,-0.000358106591667,1542854679.88,35.5,0.05,1542854672.94
5,1.5,0.000207584041667,-0.000342132525,1542854687.3,35.6,0.05,1542854679.88
6,1.5,0.000195186258333,-0.0003186880375,1542854693.83,35.7,0.05,1542854687.3
7,1.5,0.000197490970833,-0.000301760291667,1542854701.34,35.8,0.05,1542854693.84
8,1.5,0.000174205466667,-0.000279984770833,1542854707.82,35.9,0.05,1542854701.35
9,1.5,0.00015838718,-0.000258943524,1542854714.87,36.0,0.05,1542854707.83
0,1.5,0.000159026125,-0.000236114820833,1542854721.92,36.1,0.05,1542854714.88
1,1.5,0.000144482579167,-0.0002126703,1542854728.87,36.2,0.05,1542854721.93
2,1.5,0.0001386016,-0.000188033695833,1542854735.89,36.3,0.05,1542854728.87
3,1.5,0.000155449854167,-0.000144800475,1542854742.87,36.4,0.05,1542854735.9
4,1.5,0.000205199841667,-0.0001794506625,1542854749.8,36.5,0.05,1542854742.88
5,1.5,0.00018406005,-0.00018930525,1542854756.88,36.6,0.05,1542854749.8
6,1.5,0.000165304479167,-0.0001714238875,1542854764.33,36.7,0.05,1542854756.89
7,1.5,0.0001462309875,-0.00014813835,1542854770.86,36.8,0.05,1542854764.33
8,1.5,0.000133038495833,-0.000125011720833,1542854778.36,36.9,0.05,1542854770.87
9,1.5,0.000117381875,-9.814943875e-05,1542854784.82,37.0,0.05,1542854778.36
0,1.5,0.0001100703625,-6.77908179167e-05,1542854792.34,37.1,0.05,1542854784.83
1,1.5,0.000103156220833,-4.19619e-05,1542854798.88,37.2,0.05,1542854792.35
2,1.5,9.886469e-05,-1.20799335e-05,1542854805.87,37.3,0.05,1542854798.89
3,1.5,9.71957770833e-05,2.24114625e-05,1542854812.88,37.4,0.05,1542854805.88
4,1.5,0.0001006925625,5.15781225e-05,1542854819.84,37.5,0.05,1542854812.88
5,1.5,0.000101328325,8.31290783333e-05,1542854826.92,37.6,0.05,1542854819.85
6,1.5,0.000107606708333,0.00011944825,1542854833.88,37.7,0.05,1542854826.93
7,1.5,0.000117381875,0.000155131958333,1542854841.3,37.8,0.05,1542854833.88
8,1.5,0.000125329604167,0.000187715808333,1542854847.89,37.9,0.05,1542854841.31
9,1.5,0.000137647929167,0.000249228595833,1542854855.35,38.0,0.05,1542854847.89
0,1.5,0.000143211033333,0.0002968329875,1542854861.82,38.1,0.05,1542854855.36
1,1.5,0.000174841233333,0.000293336191667,1542854869.34,38.2,0.05,1542854861.83
2,1.5,0.000228326466667,0.000331165279167,1542854875.88,38.3,0.05,1542854869.35
3,1.5,0.0002686996125,0.0003454704,1542854882.86,38.4,0.05,1542854875.89
4,1.5,0.00030040925,0.000360490775,1542854889.89,38.5,0.05,1542854882.86
5,1.5,0.00032329745,0.000372650079167,1542854896.88,38.6,0.05,1542854889.89
6,1.5,0.000346741966667,0.0003730474625,1542854904.25,38.7,0.05,1542854896.88
7,1.5,0.000361126554167,0.00038449155,1542854910.85,38.8,0.05,1542854904.25
8,1.5,0.000374557429167,0.000424307483333,1542854918.27,38.9,0.05,1542854910.86
9,1.5,0.000413737591667,0.000446321425,1542854925.35,39.0,0.05,1542854918.28
0,1.5,0.000426532716667,0.0005172925625,1542854931.86,39.1,0.05,1542854925.36
1,1.5,0.000516815745833,0.000482322891667,1542854938.81,39.2,0.05,1542854931.87
2,1.5,0.000577294583333,0.0005006032625,1542854946.24,39.3,0.05,1542854938.81
3,1.5,0.000628157195833,0.000496073325,1542854952.86,39.4,0.05,1542854946.24
4,1.5,0.000671310945833,0.0004882841375,1542854959.87,39.5,0.05,1542854952.86
5,1.5,0.000724955166667,0.000477156925,1542854966.88,39.6,0.05,1542854959.87
6,1.5,0.000793540245833,0.000473501154167,1542854973.87,39.7,0.05,1542854966.89
7,1.5,0.000842416041667,0.000442824625,1542854981.16,39.8,0.05,1542854973.88
8,1.5,0.0009071069375,0.000417949654167,1542854987.85,39.9,0.05,1542854981.17
9,1.5,0.000949068591667,0.000343165695833,1542854995.29,40.0,0.05,1542854987.85
0,1.5,0.000964645291667,0.000292779883333,1542855001.84,40.1,0.05,1542854995.3
1,1.5,0.000984199208333,0.0002295185625,1542855009.29,40.2,0.05,1542855001.84
2,1.5,0.000981893683333,0.000161728208333,1542855015.86,40.3,0.05,1542855009.29
3,1.5,0.000961704791667,0.0001093551,1542855023.32,40.4,0.05,1542855015.86
4,1.5,0.000941757095833,4.77634229167e-05,1542855029.86,40.5,0.05,1542855023.33
5,1.5,0.000899557020833,-1.43846633333e-05,1542855036.85,40.6,0.05,1542855029.86
6,1.5,0.000868483154167,-5.82538666667e-05,1542855043.88,40.7,0.05,1542855036.86
7,1.5,0.000835422429167,-9.19505645833e-05,1542855050.87,40.8,0.05,1542855043.89
8,1.5,0.0007946528625,-0.000136614775,1542855058.23,40.9,0.05,1542855050.88
9,1.5,0.000732981904167,-0.000150840420833,1542855064.88,41.0,0.05,1542855058.23
0,1.5,0.000691576554167,-0.000175874391667,1542855071.97,41.1,0.05,1542855064.89
1,1.5,0.000653747475,-0.00018406005,1542855078.89,41.2,0.05,1542855071.97
2,1.5,0.000612262620833,-0.000173728625,1542855086.3,41.3,0.05,1542855078.89
3,1.5,0.0005803940375,-0.000172059683333,1542855092.86,41.4,0.05,1542855086.3
4,1.5,0.00053104135,-0.000184536875,1542855100.36,41.5,0.05,1542855092.87
5,1.5,0.0005138752625,-0.000174682291667,1542855106.87,41.6,0.05,1542855100.36
6,1.5,0.0004692890875,-0.000165066054167,1542855113.85,41.7,0.05,1542855106.87
7,1.5,0.000447036691667,-0.000159502958333,1542855120.91,41.8,0.05,1542855113.85
8,1.5,0.000424545895833,-0.000150760970833,1542855127.87,41.9,0.05,1542855120.92
9,1.5,0.000410768484,-0.000157471628,1542855135.22,42.0,0.05,1542855127.87
0,1.5,0.00036343125,-0.000194312058333,1542855142.32,42.1,0.05,1542855135.23
1,1.5,0.000244221429167,-0.000146628358333,1542855148.87,42.2,0.05,1542855142.33
2,1.5,0.000246765033333,-7.19234025e-05,1542855155.88,42.3,0.05,1542855148.87
3,1.5,0.000258765495833,-2.32856645833e-05,1542855162.86,42.4,0.05,1542855155.88
4,1.5,0.0002756932125,2.22525683333e-06,1542855169.8,42.5,0.05,1542855162.86
5,1.5,0.000294448829167,1.27157266667e-05,1542855176.85,42.6,0.05,1542855169.8
6,1.5,0.000314714354167,2.09809508333e-05,1542855184.3,42.7,0.05,1542855176.85
7,1.5,0.000326714795833,3.25840920833e-05,1542855190.82,42.8,0.05,1542855184.31
8,1.5,0.000333390508333,3.95777166667e-05,1542855198.17,42.9,0.05,1542855190.83
9,1.5,0.000338556258333,5.26907379167e-05,1542855204.86,43.0,0.05,1542855198.18
0,1.5,0.000340781495833,6.31018775e-05,1542855211.91,43.1,0.05,1542855204.87
1,1.5,0.000350954020833,7.76454495833e-05,1542855218.88,43.2,0.05,1542855211.91
2,1.5,0.000361841808333,8.23343516667e-05,1542855226.2,43.3,0.05,1542855218.88
3,1.5,0.000381233170833,9.54473729167e-05,1542855232.85,43.4,0.05,1542855226.21
4,1.5,0.000394823,0.00010514304375,1542855240.3,43.5,0.05,1542855232.86
5,1.5,0.000419777529167,0.0001452773,1542855246.86,43.6,0.05,1542855240.31
6,1.5,0.000431777929167,0.000151794091667,1542855254.17,43.7,0.05,1542855246.86
7,1.5,0.000435036341667,0.0001307337125,1542855260.88,43.8,0.05,1542855254.17
8,1.5,0.0004658717625,0.000161728204167,1542855268.37,43.9,0.05,1542855260.88
9,1.5,0.000518723083333,0.000220299695833,1542855274.88,44.0,0.05,1542855268.38
0,1.5,0.0005394654875,0.000265759108333,1542855282.32,44.1,0.05,1542855274.89
1,1.5,0.000586592920833,0.000314555420833,1542855288.92,44.2,0.05,1542855282.33
2,1.5,0.000658674816667,0.000330370554167,1542855296.32,44.3,0.05,1542855288.92
3,1.5,0.000716403892,0.000334245632,1542855303.22,44.4,0.05,1542855296.32
4,1.5,0.000750863295833,0.000320198004167,1542855309.86,44.5,0.05,1542855303.22
5,1.5,0.000810626883333,0.000322025895833,1542855317.3,44.6,0.05,1542855309.87
6,1.5,0.000906391683333,0.00032123115,1542855323.86,44.7,0.05,1542855317.31
7,1.5,0.000991351895833,0.000308436016667,1542855331.18,44.8,0.05,1542855323.87
8,1.5,0.00107662616667,0.0002832431625,1542855337.84,44.9,0.05,1542855331.19
9,1.5,0.001159754875,0.000236035329167,1542855345.33,45.0,0.05,1542855337.86
0,1.5,0.00124638041667,0.000170470233333,1542855351.84,45.1,0.05,1542855345.34
1,1.5,0.001328714125,8.368538625e-05,1542855358.82,45.2,0.05,1542855351.85
2,1.5,0.001355893875,-1.08878369167e-05,1542855365.9,45.3,0.05,1542855358.83
3,1.5,0.001427181125,-0.000105540412083,1542855372.86,45.4,0.05,1542855365.9
4,1.5,0.00146183133333,-0.000228803308333,1542855379.92,45.5,0.05,1542855372.86
5,1.5,0.001463659125,-0.000341973595833,1542855386.86,45.6,0.05,1542855379.92
6,1.5,0.001453963375,-0.000461182870833,1542855394.29,45.7,0.05,1542855386.87
7,1.5,0.00142956516667,-0.000573479895833,1542855400.87,45.8,0.05,1542855394.29
8,1.5,0.00140214704167,-0.0007015106625,1542855407.87,45.9,0.05,1542855400.87
9,1.5,0.00135374829167,-0.000779394066667,1542855414.81,46.0,0.05,1542855407.87
0,1.5,0.00127952029167,-0.0008490122875,1542855421.85,46.1,0.05,1542855414.81
1,1.5,0.00122619425,-0.0009081400875,1542855428.84,46.2,0.05,1542855421.85
2,1.5,0.00119535870833,-0.000951214375,1542855435.88,46.3,0.05,1542855428.85
3,1.5,0.001140284,-0.0009772842875,1542855443.23,46.4,0.05,1542855435.89
4,1.5,0.00109355391667,-0.000992782366667,1542855449.85,46.5,0.05,1542855443.23
5,1.5,0.000978713554167,-0.000964010429167,1542855456.94,46.6,0.05,1542855449.85
6,1.5,0.000924908870833,-0.000992543983333,1542855463.86,46.7,0.05,1542855456.94
7,1.5,0.000903928033333,-0.00104785725,1542855470.92,46.8,0.05,1542855463.87
8,1.5,0.000856085379167,-0.00103037329167,1542855477.83,46.9,0.05,1542855470.93
9,1.5,0.000815474725,-0.00103132691667,1542855484.86,47.0,0.05,1542855477.83
0,1.5,0.000754598533333,-0.000987059095833,1542855491.83,47.1,0.05,1542855484.86
1,1.5,0.000698411220833,-0.0009950076625,1542855499.34,47.2,0.05,1542855491.84
2,1.5,0.000647389654167,-0.000953757504167,1542855505.84,47.3,0.05,1542855499.35
3,1.5,0.0005543269125,-0.000859661666667,1542855512.88,47.4,0.05,1542855505.85
4,1.5,0.000455699245833,-0.000755552208333,1542855519.89,47.5,0.05,1542855512.88
5,1.5,0.000461818633333,-0.000861489545833,1542855526.86,47.6,0.05,1542855519.9
6,1.5,0.000440675668,-0.000875629328,1542855534.25,47.7,0.05,1542855526.87
7,1.5,0.000418188058333,-0.000885649266667,1542855541.32,47.8,0.05,1542855534.25
8,1.5,0.000387114158333,-0.000874443608333,1542855547.93,47.9,0.05,1542855541.33
9,1.5,0.0003701069625,-0.000852826991667,1542855554.84,48.0,0.05,1542855547.94
0,1.5,0.0003983993125,-0.000882390858333,1542855562.3,48.1,0.05,1542855554.84
1,1.5,0.000361841808333,-0.000856880116667,1542855568.84,48.2,0.05,1542855562.31
2,1.5,0.000315429616667,-0.000844402870833,1542855576.35,48.3,0.05,1542855568.85
3,1.5,0.000295164075,-0.000850681220833,1542855582.85,48.4,0.05,1542855576.35
4,1.5,0.00027382084,-0.000845645824,1542855589.84,48.5,0.05,1542855582.85
5,1.5,0.000290157291667,-0.000865463170833,1542855596.89,48.6,0.05,1542855589.85
6,1.5,0.000276805845833,-0.000848853341667,1542855603.87,48.7,0.05,1542855596.89
7,1.5,0.000198444633333,-0.000805302208333,1542855610.94,48.8,0.05,1542855603.88
8,1.5,0.000189305270833,-0.000806732708333,1542855617.87,48.9,0.05,1542855610.94
9,1.5,0.0001732518,-0.000798308633333,1542855624.94,49.0,0.05,1542855617.88
0,1.5,0.000161728225,-0.000791791841667,1542855631.85,49.1,0.05,1542855624.94
1,1.5,0.000152509366667,-0.000775182004167,1542855639.21,49.2,0.05,1542855631.86
2,1.5,0.0001556882625,-0.000773433608333,1542855645.86,49.3,0.05,1542855639.21
3,1.5,0.000127713791667,-0.000758731120833,1542855653.42,49.4,0.05,1542855645.87
4,1.5,0.000123263308333,-0.000741247066667,1542855659.82,49.5,0.05,1542855653.42
5,1.5,0.000116428175,-0.000719709966667,1542855667.35,49.6,0.05,1542855659.83
6,1.5,0.0001084809125,-0.000724478341667,1542855673.9,49.7,0.05,1542855667.35
7,1.5,0.000101646225,-0.000704133270833,1542855680.86,49.8,0.05,1542855673.9
8,1.5,9.58447375e-05,-0.0006945965125,1542855687.88,49.9,0.05,1542855680.87
9,1.5,0.000104984207917,-0.0007054843,1542855694.89,50.0,0.05,1542855687.88
0,1.5,0.000141144725,-0.0007205046875,1542855702.22,50.1,0.05,1542855694.9
1,1.5,7.22412945833e-05,-0.000637455541667,1542855708.84,50.2,0.05,1542855702.23
2,1.5,6.50092658333e-05,-0.000661217908333,1542855716.27,50.3,0.05,1542855708.85
3,1.5,6.32608616667e-05,-0.000667098891667,1542855723.34,50.4,0.05,1542855716.27
4,1.5,5.70617441667e-05,-0.00065358855,1542855729.93,50.5,0.05,1542855723.35
5,1.5,5.50749229167e-05,-0.000655575358333,1542855736.8,50.6,0.05,1542855729.94
6,1.5,4.83197333333e-05,-0.000657164820833,1542855744.32,50.7,0.05,1542855736.81
7,1.5,4.46639791667e-05,-0.000642859691667,1542855750.88,50.8,0.05,1542855744.32
8,1.5,4.65713291667e-05,-0.000638806575,1542855757.88,50.9,0.05,1542855750.88
9,1.5,3.814721e-05,-0.000632528216667,1542855764.88,51.0,0.05,1542855757.88
0,1.5,3.79882641667e-05,-0.0006255345875,1542855771.87,51.1,0.05,1542855764.89
1,1.5,4.37897770833e-05,-0.000631574545833,1542855779.22,51.2,0.05,1542855771.88
2,1.5,5.64259608333e-05,-0.0006232299,1542855786.19,51.3,0.05,1542855779.22
3,1.5,5.475703375e-05,-0.0006122626125,1542855793.3,51.4,0.05,1542855786.2
4,1.5,5.55517604167e-05,-0.000607096895833,1542855800.32,51.5,0.05,1542855793.3
5,1.5,7.295655125e-05,-0.000587467129167,1542855807.39,51.6,0.05,1542855800.33
6,1.5,7.33539154167e-05,-0.000550512216667,1542855813.86,51.7,0.05,1542855807.4
7,1.5,4.410766875e-05,-0.000547253825,1542855821.36,51.8,0.05,1542855813.86
8,1.5,3.94982425e-05,-0.0005512275,1542855827.85,51.9,0.05,1542855821.36
9,1.5,3.98161345833e-05,-0.000553770608333,1542855834.85,52.0,0.05,1542855827.86
0,1.5,3.56040766667e-05,-0.000553293775,1542855841.9,52.1,0.05,1542855834.86
1,1.5,2.900775125e-05,-0.00055512165,1542855848.88,52.2,0.05,1542855841.9
2,1.5,3.11535704167e-05,-0.000549320120833,1542855855.94,52.3,0.05,1542855848.89
3,1.5,3.21072683333e-05,-0.000563784191667,1542855862.89,52.4,0.05,1542855855.94
4,1.5,3.12330295833e-05,-0.000546220679167,1542855870.29,52.5,0.05,1542855862.9
5,1.5,1.75636154167e-05,-0.0005416907,1542855876.83,52.6,0.05,1542855870.3
6,1.5,1.47820575e-05,-0.000543677554167,1542855884.28,52.7,0.05,1542855876.83
7,1.5,2.18551529167e-05,-0.000547412775,1542855890.86,52.8,0.05,1542855884.29
8,1.5,1.36694208333e-05,-0.000537717070833,1542855897.89,52.9,0.05,1542855890.86
9,1.5,8.10629e-06,-0.0005301671375,1542855904.87,53.0,0.05,1542855897.89
0,1.5,3.25840829167e-06,-0.00052603455,1542855911.88,53.1,0.05,1542855904.88
1,1.5,-4.053142875e-06,-0.000514113683333,1542855918.92,53.2,0.05,1542855911.89
2,1.5,1.9788855e-05,-0.000575228275,1542855925.84,53.3,0.05,1542855918.92
3,1.5,1.96299104167e-05,-0.00056219475,1542855932.92,53.4,0.05,1542855925.85
4,1.5,1.6927835e-05,-0.000570857291667,1542855939.84,53.5,0.05,1542855932.92
5,1.5,1.59741625e-05,-0.000570142033333,1542855946.92,53.6,0.05,1542855939.84
6,1.5,1.144415e-05,-0.0005676783625,1542855953.83,53.7,0.05,1542855946.93
7,1.5,4.053144625e-06,-0.0005555984875,1542855961.3,53.8,0.05,1542855953.83
8,1.5,3.97367291667e-07,-0.0005487638125,1542855967.83,53.9,0.05,1542855961.31
9,1.5,-4.847873375e-06,-0.000535650779167,1542855975.33,54.0,0.05,1542855967.83
0,1.5,-5.006820375e-06,-0.000535094475,1542855981.89,54.1,0.05,1542855975.36
1,1.5,-1.0252056875e-05,-0.0005283393,1542855988.88,54.2,0.05,1542855981.9
2,1.5,-1.65304641667e-05,-0.0005344586875,1542855995.91,54.3,0.05,1542855988.88
3,1.5,-1.67688883333e-05,-0.0005394654875,1542856002.87,54.4,0.05,1542855995.91
4,1.5,-2.40009208333e-05,-0.000535650775,1542856009.94,54.5,0.05,1542856002.88
5,1.5,-2.98025079167e-05,-0.0005252398375,1542856016.85,54.6,0.05,1542856009.94
6,1.5,-2.87629556e-05,-0.000525440104,1542856023.94,54.7,0.05,1542856016.85
7,1.5,-3.42530370833e-05,-0.000516974708333,1542856030.85,54.8,0.05,1542856023.95
8,1.5,-3.42530370833e-05,-0.000526114016667,1542856038.29,54.9,0.05,1542856030.85
9,1.5,-3.58424954167e-05,-0.000522140445833,1542856044.86,55.0,0.05,1542856038.3
0,1.5,-3.73524808333e-05,-0.000523809358333,1542856052.34,55.1,0.05,1542856044.86
1,1.5,-4.005455e-05,-0.0005199151875,1542856058.87,55.2,0.05,1542856052.34
2,1.5,-3.600144125e-05,-0.0005281803375,1542856066.34,55.3,0.05,1542856058.87
3,1.5,-3.99750775e-05,-0.000529451904167,1542856072.89,55.4,0.05,1542856066.34
4,1.5,-4.66508020833e-05,-0.000547253825,1542856079.85,55.5,0.05,1542856072.9
5,1.5,-6.54066304167e-05,-0.000568234658333,1542856086.91,55.6,0.05,1542856079.86
6,1.5,-9.51294808333e-05,-0.000594619675,1542856093.85,55.7,0.05,1542856086.91
7,1.5,-0.0001577545625,-0.000623388829167,1542856100.8,55.8,0.05,1542856093.86
8,1.5,-0.000299217170833,-0.000627759841667,1542856107.86,55.9,0.05,1542856100.8
9,1.5,-0.000470401720833,-0.000435195241667,1542856115.29,56.0,0.05,1542856107.87
0,1.5,-0.000390928845833,-0.000239373208333,1542856121.87,56.1,0.05,1542856115.3
1,1.5,-0.0002766469,-0.000194788904167,1542856128.89,56.2,0.05,1542856121.88
2,1.5,-0.000188987375,-0.000189305266667,1542856135.85,56.3,0.05,1542856128.9
3,1.5,-0.000139157904167,-0.0002230812625,1542856142.9,56.4,0.05,1542856135.85
4,1.5,-0.0001035535875,-0.00023222065,1542856150.24,56.5,0.05,1542856142.9
5,1.5,-7.17644595833e-05,-0.000251612941667,1542856157.21,56.6,0.05,1542856150.24
6,1.5,-5.30881008333e-05,-0.000266871725,1542856163.91,56.7,0.05,1542856157.21
7,1.5,-4.363083125e-05,-0.000286263129167,1542856170.85,56.8,0.05,1542856163.92
8,1.5,-3.75908979167e-05,-0.000298740316667,1542856177.94,56.9,0.05,1542856170.87
9,1.5,-2.95640754167e-05,-0.000312409658333,1542856184.85,57.0,0.05,1542856177.95
0,1.5,-2.5253414e-05,-0.000320589016,1542856192.31,57.1,0.05,1542856184.86
1,1.5,-2.28088270833e-05,-0.0003273505625,1542856198.89,57.2,0.05,1542856192.32
2,1.5,-2.535197875e-05,-0.000331244745833,1542856205.87,57.3,0.05,1542856198.89
3,1.5,-2.22525325e-05,-0.000344357766667,1542856212.81,57.4,0.05,1542856205.88
4,1.5,-2.52725208333e-05,-0.0003494440375,1542856220.34,57.5,0.05,1542856212.81
5,1.5,-2.20935791667e-05,-0.000351510320833,1542856227.19,57.6,0.05,1542856220.35
6,1.5,-4.56971220833e-05,-0.000362159670833,1542856233.89,57.7,0.05,1542856227.19
7,1.5,-3.0835655e-05,-0.000332595775,1542856240.89,57.8,0.05,1542856233.89
8,1.5,-3.91008704167e-05,-0.0003387152,1542856247.86,57.9,0.05,1542856240.89
9,1.5,-5.038607375e-05,-0.000380041070833,1542856254.93,58.0,0.05,1542856247.87
0,1.5,-4.29950158333e-05,-0.000364543879167,1542856261.86,58.1,0.05,1542856254.94
1,1.5,-4.95118625e-05,-0.000374160079167,1542856269.33,58.2,0.05,1542856261.87
2,1.5,-5.25318316667e-05,-0.000380835795833,1542856275.84,58.3,0.05,1542856269.33
3,1.5,-6.61218466667e-05,-0.000386319420833,1542856283.28,58.4,0.05,1542856275.84
4,1.5,-7.67712479167e-05,-0.000394028304167,1542856289.84,58.5,0.05,1542856283.28
5,1.5,-8.05859470833e-05,-0.000399909295833,1542856296.92,58.6,0.05,1542856289.84
6,1.5,-9.36989679167e-05,-0.000406108179167,1542856303.89,58.7,0.05,1542856296.92
7,1.5,-0.000110229316667,-0.000404995554167,1542856310.9,58.8,0.05,1542856303.89
8,1.5,-0.0001326411125,-0.000420890145833,1542856317.92,58.9,0.05,1542856310.91
9,1.5,-0.000164907120833,-0.000433685258333,1542856324.86,59.0,0.05,1542856317.92
0,1.5,-0.000200987775,-0.000440122541667,1542856331.8,59.1,0.05,1542856324.87
1,1.5,-0.000242473058333,-0.000443778295833,1542856338.85,59.2,0.05,1542856331.8
2,1.5,-0.0002807794875,-0.000443142504167,1542856345.94,59.3,0.05,1542856338.86
3,1.5,-0.0003382383625,-0.000450533483333,1542856352.88,59.4,0.05,1542856345.94
4,1.5,-0.000421525933333,-0.000437897308333,1542856360.31,59.5,0.05,1542856352.88
5,1.5,-0.000539147595833,-0.000375987945833,1542856367.34,59.6,0.05,1542856360.31
6,1.5,-0.000643336533333,-0.000228088120833,1542856373.89,59.7,0.05,1542856367.35
7,1.5,-0.000648422825,7.15259745833e-06,1542856380.82,59.8,0.05,1542856373.89
8,1.5,-0.000527703520833,0.000195663091667,1542856387.85,59.9,0.05,1542856380.83
9,1.5,-0.000436069441667,0.0002370685,1542856394.86,60.0,0.05,1542856387.85
0,1.5,-0.000366371729167,0.000237783741667,1542856401.87,60.1,0.05,1542856394.86
1,1.5,-0.000301045029167,0.0002237965,1542856409.33,60.2,0.05,1542856401.87
2,1.5,-0.000230790129167,0.000233174316667,1542856415.89,60.3,0.05,1542856409.34
3,1.5,-0.0002107629375,0.0002206970625,1542856422.89,60.4,0.05,1542856415.9
4,1.5,-0.000185331620833,0.000231187504167,1542856429.91,60.5,0.05,1542856422.9
5,1.5,-0.0001328000625,0.000237306920833,1542856436.87,60.6,0.05,1542856429.92
6,1.5,-5.51543941667e-05,0.0002522487,1542856443.93,60.7,0.05,1542856436.87
7,1.5,2.503406875e-05,0.000248990304167,1542856450.84,60.8,0.05,1542856443.94
8,1.5,5.245235e-05,0.000240168004167,1542856458.28,60.9,0.05,1542856450.85
9,1.5,0.000116269241667,0.000222683875,1542856464.87,61.0,0.05,1542856458.28
0,1.5,0.000165304504167,0.0002023388125,1542856472.34,61.1,0.05,1542856464.87
1,1.5,0.000206709833333,0.0001760333375,1542856478.87,61.2,0.05,1542856472.35
2,1.5,0.000237147958333,0.000147343604167,1542856485.87,61.3,0.05,1542856478.88
3,1.5,0.0002719579875,0.000117858725,1542856492.91,61.4,0.05,1542856485.87
4,1.5,0.0003089923125,7.67712475e-05,1542856499.87,61.5,0.05,1542856492.91
5,1.5,0.000345311445833,2.54314333333e-05,1542856506.87,61.6,0.05,1542856499.88
6,1.5,0.000371616916667,-3.66372245833e-05,1542856514.2,61.7,0.05,1542856506.88
7,1.5,0.00039386935,-9.8069975e-05,1542856520.93,61.8,0.05,1542856514.21
8,1.5,0.000410002358333,-0.0001686423375,1542856527.86,61.9,0.05,1542856520.93
9,1.5,0.000408969204167,-0.000248751904167,1542856535.31,62.0,0.05,1542856527.86
0,1.5,0.0003954588,-0.000328622125,1542856541.87,62.1,0.05,1542856535.32
1,1.5,0.0003569144875,-0.000404280304167,1542856549.36,62.2,0.05,1542856541.88
2,1.5,0.000304939208333,-0.000452997158333,1542856555.87,62.3,0.05,1542856549.36
3,1.5,0.00025479185,-0.000503464325,1542856562.89,62.4,0.05,1542856555.87
4,1.5,0.000200828833333,-0.000528736641667,1542856569.91,62.5,0.05,1542856562.89
5,1.5,0.000148058858333,-0.000535332891667,1542856576.85,62.6,0.05,1542856569.92
6,1.5,0.000102123075,-0.000539465479167,1542856583.89,62.7,0.05,1542856576.86
7,1.5,6.22276945833e-05,-0.000548445929167,1542856590.88,62.8,0.05,1542856583.9
8,1.5,2.0752068e-05,-0.00055237188,1542856598.28,62.9,0.05,1542856590.88
9,1.5,-1.28746625e-05,-0.000542882808333,1542856604.85,63.0,0.05,1542856598.28
0,1.5,-4.68892208333e-05,-0.000552101679167,1542856612.3,63.1,0.05,1542856604.86
1,1.5,-6.36582070833e-05,-0.0005383528625,1542856618.86,63.2,0.05,1542856612.3
2,1.5,-7.13670933333e-05,-0.000520789395833,1542856625.9,63.3,0.05,1542856618.86
3,1.5,-9.711630375e-05,-0.0005315182,1542856632.88,63.4,0.05,1542856625.91
4,1.5,-0.00012668065,-0.00053223345,1542856639.89,63.5,0.05,1542856632.89
5,1.5,-0.000155052495833,-0.000539703895833,1542856646.81,63.6,0.05,1542856639.89
6,1.5,-0.000213226608333,-0.0005443133375,1542856653.86,63.7,0.05,1542856646.82
7,1.5,-0.000288329416667,-0.000540657579167,1542856660.92,63.8,0.05,1542856653.87
8,1.5,-0.000362954433333,-0.0005363660375,1542856668.22,63.9,0.05,1542856660.92
9,1.5,-0.000431301075,-0.000531120833333,1542856674.94,64.0,0.05,1542856668.22
0,1.5,-0.000528498216667,-0.000529292954167,1542856681.9,64.1,0.05,1542856674.95
1,1.5,-0.0006095605375,-0.000509981075,1542856689.24,64.2,0.05,1542856681.91
2,1.5,-0.000755711141667,-0.000469845416667,1542856695.87,64.3,0.05,1542856689.24
3,1.5,-0.000894473932,-0.000388566924,1542856703.33,64.4,0.05,1542856695.88
4,1.5,-0.00104706245833,-0.000264169654167,1542856709.84,64.5,0.05,1542856703.33
5,1.5,-0.001149820875,-8.73411383333e-05,1542856717.29,64.6,0.05,1542856709.84
6,1.5,-0.00118669625,0.000102282013333,1542856723.83,64.7,0.05,1542856717.3
7,1.5,-0.00117223220833,0.000270130120833,1542856731.33,64.8,0.05,1542856723.83
8,1.5,-0.00113042941667,0.000428678491667,1542856737.83,64.9,0.05,1542856731.34
9,1.5,-0.00106987744,0.0005548133,1542856744.85,65.0,0.05,1542856737.83
0,1.5,-0.00102361795833,0.000657880075,1542856751.88,65.1,0.05,1542856744.86
1,1.5,-0.0009779206875,0.000744743879167,1542856758.87,65.2,0.05,1542856751.88
2,1.5,-0.000925067816667,0.000820799408333,1542856765.8,65.3,0.05,1542856758.88
3,1.5,-0.000880801425,0.000919902091667,1542856772.85,65.4,0.05,1542856765.8
4,1.5,-0.000782175616667,0.001006372375,1542856779.95,65.5,0.05,1542856772.86
5,1.5,-0.000639760254167,0.00101503483333,1542856786.88,65.6,0.05,1542856779.95
6,1.5,-0.0004963117375,0.000977444179167,1542856794.29,65.7,0.05,1542856786.88
7,1.5,-0.000384968391667,0.0009313461875,1542856800.86,65.8,0.05,1542856794.3
8,1.5,-0.000300886091667,0.000872854158333,1542856808.35,65.9,0.05,1542856800.87
9,1.5,-0.000218233408333,0.0008117395,1542856814.85,66.0,0.05,1542856808.35
0,1.5,-0.000177231792,0.000772632512,1542856821.87,66.1,0.05,1542856814.85
1,1.5,-0.000137568441667,0.0007387834125,1542856828.89,66.2,0.05,1542856821.87
2,1.5,-0.000110865091667,0.000698331729167,1542856835.87,66.3,0.05,1542856828.89
3,1.5,-8.40032779167e-05,0.000662886854167,1542856842.93,66.4,0.05,1542856835.87
4,1.5,-5.38033545833e-05,0.0006496943625,1542856849.85,66.5,0.05,1542856842.94
5,1.5,-3.65577504167e-05,0.0006157594375,1542856856.92,66.6,0.05,1542856849.86
6,1.5,-2.09014770833e-05,0.000613375254167,1542856863.83,66.7,0.05,1542856856.93
7,1.5,-6.43734270833e-06,0.000613931566667,1542856871.29,66.8,0.05,1542856863.84
8,1.5,3.97367291667e-07,0.000610355283333,1542856877.8,66.9,0.05,1542856871.3
9,1.5,2.08220041667e-05,0.000638727095833,1542856884.89,67.0,0.05,1542856877.8
0,1.5,4.92734083333e-05,0.0006589927,1542856891.83,67.1,0.05,1542856884.89
1,1.5,9.33810770833e-05,0.000677350904167,1542856899.28,67.2,0.05,1542856891.84
2,1.5,0.000146310445833,0.0007072327125,1542856905.86,67.3,0.05,1542856899.29
3,1.5,0.000246685608333,0.000751658016667,1542856912.9,67.4,0.05,1542856905.86
4,1.5,0.0004510898125,0.000756505870833,1542856919.86,67.5,0.05,1542856912.91
5,1.5,0.000784798220833,0.000587069754167,1542856927.34,67.6,0.05,1542856919.87
6,1.5,0.000889861320833,0.000288965183333,1542856933.81,67.7,0.05,1542856927.34
7,1.5,0.000810547404167,5.69822808333e-05,1542856941.15,67.8,0.05,1542856933.81
8,1.5,0.000660661616667,-5.47570295833e-05,1542856947.88,67.9,0.05,1542856941.16
9,1.5,0.000509504258333,-9.61626291667e-05,1542856954.87,68.0,0.05,1542856947.88
0,1.5,0.000380358958333,-8.392380625e-05,1542856961.9,68.1,0.05,1542856954.87
1,1.5,0.000278872141667,-5.34854629167e-05,1542856968.85,68.2,0.05,1542856961.91
2,1.5,0.00021858308,-1.38855748e-05,1542856976.22,68.3,0.05,1542856968.86
3,1.5,0.000169755,2.05835854167e-05,1542856982.86,68.4,0.05,1542856976.23
4,1.5,0.000126283275,4.60944916667e-05,1542856990.29,68.5,0.05,1542856982.86
5,1.5,9.560631875e-05,6.747292625e-05,1542856996.84,68.6,0.05,1542856990.3
6,1.5,7.75659766667e-05,0.00010045413,1542857004.34,68.7,0.05,1542856996.84
7,1.5,6.222771375e-05,0.000125409083333,1542857011.34,68.8,0.05,1542857004.35
8,1.5,5.13397041667e-05,0.0001442441625,1542857017.88,68.9,0.05,1542857011.35
9,1.5,4.18029541667e-05,0.0001709470625,1542857024.88,69.0,0.05,1542857017.88
0,1.5,3.49682933333e-05,0.000195583620833,1542857031.85,69.1,0.05,1542857024.88
1,1.5,2.97548172e-05,0.00021537874,1542857038.96,69.2,0.05,1542857031.85
2,1.5,2.46367041667e-05,0.000241757570833,1542857045.85,69.3,0.05,1542857038.96
3,1.5,2.05835854167e-05,0.000271163258333,1542857053.25,69.4,0.05,1542857045.86
4,1.5,1.804045375e-05,0.000306051829167,1542857059.85,69.5,0.05,1542857053.26
5,1.5,1.85967629167e-05,0.000341973595833,1542857066.91,69.6,0.05,1542857059.86
6,1.5,5.03065533333e-05,0.000430824266667,1542857073.87,69.7,0.05,1542857066.92
7,1.5,0.000126760125,0.000410797079167,1542857081.37,69.8,0.05,1542857073.87
8,1.5,0.000119448279167,0.000395776695833,1542857087.86,69.9,0.05,1542857081.38
9,1.5,0.0001037125375,0.000407936058333,1542857094.86,70.0,0.05,1542857087.86
0,1.5,8.940743125e-05,0.000445208804167,1542857101.88,70.1,0.05,1542857094.86
1,1.5,9.82289195833e-05,0.000514511033333,1542857108.84,70.2,0.05,1542857101.88
2,1.5,0.0001492509625,0.0006090837125,1542857115.93,70.3,0.05,1542857108.85
3,1.5,0.000260513895833,0.000716769466667,1542857122.87,70.4,0.05,1542857115.93
4,1.5,0.000453871345833,0.000786069791667,1542857129.93,70.5,0.05,1542857122.87
5,1.5,0.000717961554167,0.000744187558333,1542857136.86,70.6,0.05,1542857129.94
6,1.5,0.0008602974375,0.000541531791667,1542857144.33,70.7,0.05,1542857136.87
7,1.5,0.0008310514125,0.000362954433333,1542857150.88,70.8,0.05,1542857144.33
8,1.5,0.000745220720833,0.000281415275,1542857158.41,70.9,0.05,1542857150.88
9,1.5,0.000667178370833,0.000233412725,1542857164.88,71.0,0.05,1542857158.42
0,1.5,0.000670595695833,0.000244539620833,1542857171.85,71.1,0.05,1542857164.88
1,1.5,0.000648899641667,0.000241201333333,1542857178.88,71.2,0.05,1542857171.85
2,1.5,0.0007325845375,0.000249308216667,1542857185.85,71.3,0.05,1542857178.88
3,1.5,0.000850442804167,0.000208060875,1542857192.93,71.4,0.05,1542857185.86
4,1.5,0.0009632942375,9.61626216667e-05,1542857199.86,71.5,0.05,1542857192.94
5,1.5,0.00102743258333,-7.04134225e-05,1542857206.91,71.6,0.05,1542857199.86
6,1.5,0.00104149929167,-0.000177225420833,1542857213.85,71.7,0.05,1542857206.91
7,1.5,0.000994212904167,-0.0003436425,1542857221.2,71.8,0.05,1542857213.85
8,1.5,0.000926498333333,-0.000434877358333,1542857227.86,71.9,0.05,1542857221.2
9,1.5,0.000859149852,-0.000527118584,1542857235.37,72.0,0.05,1542857227.86
0,1.5,0.0007852750625,-0.000606302158333,1542857241.82,72.1,0.05,1542857235.38
1,1.5,0.000692291804167,-0.0006570853375,1542857249.35,72.2,0.05,1542857241.83
2,1.5,0.000608845291667,-0.000683549779167,1542857255.89,72.3,0.05,1542857249.35
3,1.5,0.000562830529167,-0.000668449933333,1542857262.86,72.4,0.05,1542857255.89
4,1.5,0.0005230146125,-0.0006846624,1542857269.89,72.5,0.05,1542857262.87
5,1.5,0.000485422716667,-0.000690463925,1542857276.87,72.6,0.05,1542857269.89
6,1.5,0.000437242468,-0.000706867128,1542857284.22,72.7,0.05,1542857276.87
7,1.5,0.000396015116667,-0.000720186804167,1542857290.88,72.8,0.05,1542857284.22
8,1.5,0.000351112966667,-0.000730438791667,1542857298.28,72.9,0.05,1542857290.88
9,1.5,0.000333072625,-0.000721458358333,1542857305.22,73.0,0.05,1542857298.28
0,1.5,0.0002913493875,-0.00072090205,1542857312.35,73.1,0.05,1542857305.22
1,1.5,0.000257096575,-0.000703656429167,1542857318.84,73.2,0.05,1542857312.36
2,1.5,0.000223771076,-0.00070663826,1542857325.86,73.3,0.05,1542857318.84
3,1.5,0.0001877952875,-0.000698252279167,1542857332.88,73.4,0.05,1542857325.87
4,1.5,0.0001739670375,-0.000704530629167,1542857339.87,73.5,0.05,1542857332.89
5,1.5,0.000146072029167,-0.000703656429167,1542857346.94,73.6,0.05,1542857339.87
6,1.5,0.000118812425,-0.000697139641667,1542857353.86,73.7,0.05,1542857346.94
7,1.5,8.80563916667e-05,-0.000692291804167,1542857360.93,73.8,0.05,1542857353.86
8,1.5,5.42008104167e-05,-0.000665509445833,1542857367.82,73.9,0.05,1542857360.94
9,1.5,3.30609341667e-05,-0.000671867270833,1542857375.29,74.0,0.05,1542857367.83
0,1.5,1.1364677125e-05,-0.0006779072,1542857381.87,74.1,0.05,1542857375.3
1,1.5,-1.48615079167e-05,-0.000677748241667,1542857389.34,74.2,0.05,1542857381.87
2,1.5,-3.97366595833e-05,-0.000648184358333,1542857395.84,74.3,0.05,1542857389.35
3,1.5,-6.8741312e-05,-0.000646366028,1542857402.86,74.4,0.05,1542857395.85
4,1.5,-0.0001045072625,-0.000667098883333,1542857409.9,74.5,0.05,1542857402.86
5,1.5,-0.0001176999125,-0.000647866475,1542857416.87,74.6,0.05,1542857409.91
6,1.5,-0.0001495688625,-0.00065438325,1542857423.94,74.7,0.05,1542857416.88
7,1.5,-0.0001921662875,-0.000667178375,1542857430.86,74.8,0.05,1542857423.94
8,1.5,-0.000226498591667,-0.000664794191667,1542857437.8,74.9,0.05,1542857430.87
9,1.5,-0.000274262716667,-0.000674489875,1542857445.2,75.0,0.05,1542857437.81
0,1.5,-0.000329210236,-0.000681766416,1542857452.32,75.1,0.05,1542857445.23
1,1.5,-0.000385683645833,-0.000681165595833,1542857458.85,75.2,0.05,1542857452.33
2,1.5,-0.000452758725,-0.000681880845833,1542857466.16,75.3,0.05,1542857458.85
3,1.5,-0.000523650404167,-0.000675840904167,1542857472.86,75.4,0.05,1542857466.16
4,1.5,-0.000603361654167,-0.00064595915,1542857479.91,75.5,0.05,1542857472.86
5,1.5,-0.000688953933333,-0.000615362066667,1542857486.9,75.6,0.05,1542857479.91
6,1.5,-0.000774228325,-0.000557982670833,1542857493.87,75.7,0.05,1542857486.9
7,1.5,-0.000872854166667,-0.0004895563,1542857500.9,75.8,0.05,1542857493.88
8,1.5,-0.000975694358333,-0.000383935229167,1542857507.89,75.9,0.05,1542857500.9
9,1.5,-0.00102306158333,-0.0002684611875,1542857515.25,76.0,0.05,1542857507.9
0,1.5,-0.0010496055,-0.000153383554167,1542857521.87,76.1,0.05,1542857515.26
1,1.5,-0.00107757983333,-3.01998770833e-05,1542857528.92,76.2,0.05,1542857521.87
2,1.5,-0.00107344733333,9.63215725e-05,1542857536.19,76.3,0.05,1542857528.93
3,1.5,-0.0010529435,0.000212908720833,1542857543.29,76.4,0.05,1542857536.2
4,1.5,-0.00101575025,0.0003267942625,1542857549.86,76.5,0.05,1542857543.3
5,1.5,-0.000964088970833,0.00043320845,1542857557.35,76.6,0.05,1542857549.86
6,1.5,-0.000896298625,0.000509901604167,1542857563.87,76.7,0.05,1542857557.36
7,1.5,-0.000843638707692,0.000586293365385,1542857571.37,76.8,0.05,1542857563.88
8,1.5,-0.0007785993375,0.000641429179167,1542857577.89,76.9,0.05,1542857571.37
9,1.5,-0.000714703154167,0.000700159608333,1542857584.88,77.0,0.05,1542857577.89
0,1.5,-0.0006399191875,0.000729644070833,1542857592.22,77.1,0.05,1542857584.89
1,1.5,-0.000581427195833,0.000756108508333,1542857599.2,77.2,0.05,1542857592.23
2,1.5,-0.00052325305,0.000779076179167,1542857605.83,77.3,0.05,1542857599.21
3,1.5,-0.00046388495,0.000808719529167,1542857613.2,77.4,0.05,1542857605.83
4,1.5,-0.000402986484,0.000823902036,1542857620.32,77.5,0.05,1542857613.2
5,1.5,-0.000347457220833,0.0008273161875,1542857626.86,77.6,0.05,1542857620.32
6,1.5,-0.000301362929167,0.000830415620833,1542857634.25,77.7,0.05,1542857626.87
7,1.5,-0.000251374525,0.000827395641667,1542857640.87,77.8,0.05,1542857634.25
8,1.5,-0.000202179879167,0.0008160310375,1542857648.35,77.9,0.05,1542857640.87
9,1.5,-0.000165622383333,0.000809037416667,1542857654.91,78.0,0.05,1542857648.36
0,1.5,-0.000129144316667,0.000786467158333,1542857661.85,78.1,0.05,1542857654.92
1,1.5,-9.29042395833e-05,0.000766757866667,1542857668.87,78.2,0.05,1542857661.86
2,1.5,-6.34992804167e-05,0.000750386458333,1542857675.88,78.3,0.05,1542857668.88
3,1.5,-3.75908983333e-05,0.000730518254167,1542857682.95,78.4,0.05,1542857675.89
4,1.5,-1.50204691667e-05,0.000723286241667,1542857689.84,78.5,0.05,1542857682.96
5,1.5,4.52998070833e-06,0.000697934379167,1542857697.28,78.6,0.05,1542857689.85
6,1.5,1.835834375e-05,0.0006817219125,1542857703.85,78.7,0.05,1542857697.29
7,1.5,3.13125116667e-05,0.000645800195833,1542857711.31,78.8,0.05,1542857703.86
8,1.5,3.77498454167e-05,0.000629031408333,1542857717.85,78.9,0.05,1542857711.31
9,1.5,3.878299e-05,0.000608924775,1542857725.21,79.0,0.05,1542857717.85
0,1.5,3.95777154167e-05,0.000590169208333,1542857731.9,79.1,0.05,1542857725.22
1,1.5,3.28225245833e-05,0.000562830525,1542857738.85,79.2,0.05,1542857731.9
2,1.5,1.96299104167e-05,0.000542564920833,1542857745.9,79.3,0.05,1542857738.85
3,1.5,5.56314208333e-07,0.000538273383333,1542857752.84,79.4,0.05,1542857745.9
4,1.5,-1.33515e-05,0.000524921945833,1542857759.92,79.5,0.05,1542857752.86
5,1.5,-3.76703725e-05,0.000527782975,1542857766.85,79.6,0.05,1542857759.92
6,1.5,-7.0810785e-05,0.0005263524625,1542857774.3,79.7,0.05,1542857766.85
7,1.5,-0.000117063983333,0.000571334125,1542857780.87,79.8,0.05,1542857774.3
8,1.5,-0.0001587877,0.0006627279,1542857788.28,79.9,0.05,1542857780.87
9,1.5,-0.000137409495833,0.0008098321625,1542857794.84,80.0,0.05,1542857788.28
0,1.5,-3.75114245833e-05,0.0009189484125,1542857801.91,80.1,0.05,1542857794.85
1,1.5,5.87306754167e-05,0.000948035445833,1542857808.84,80.2,0.05,1542857801.92
2,1.5,0.000125568029167,0.000935876133333,1542857815.86,80.3,0.05,1542857808.84
3,1.5,0.000195663091667,0.0009259420375,1542857822.91,80.4,0.05,1542857815.87
4,1.5,0.000247877720833,0.000895742316667,1542857829.88,80.5,0.05,1542857822.92
5,1.5,0.000289759933333,0.000872615733333,1542857836.93,80.6,0.05,1542857829.89
6,1.5,0.000323059041667,0.000834548225,1542857843.86,80.7,0.05,1542857836.94
7,1.5,0.000344011264,0.000804599668,1542857851.3,80.8,0.05,1542857843.87
8,1.5,0.000375272691667,0.000786705575,1542857857.86,80.9,0.05,1542857851.3
9,1.5,0.000394505116667,0.0007618305625,1542857865.27,81.0,0.05,1542857857.87
0,1.5,0.000415406508333,0.000742280220833,1542857871.89,81.1,0.05,1542857865.28
1,1.5,0.00043916885,0.0007184383875,1542857879.34,81.2,0.05,1542857871.89
2,1.5,0.000451566629167,0.00069276865,1542857885.84,81.3,0.05,1542857879.34
3,1.5,0.000463328620833,0.0006756819625,1542857892.88,81.4,0.05,1542857885.85
4,1.5,0.000490589,0.000667178395833,1542857899.91,81.5,0.05,1542857892.88
5,1.5,0.000494801741667,0.000639760258333,1542857906.85,81.6,0.05,1542857899.91
6,1.5,0.00051109688,0.000625080016,1542857914.24,81.7,0.05,1542857906.86
7,1.5,0.000524604070833,0.0006032027125,1542857920.87,81.8,0.05,1542857914.24
8,1.5,0.000529134,0.0005792814,1542857927.93,81.9,0.05,1542857920.88
9,1.5,0.0005450285875,0.000564102091667,1542857934.86,82.0,0.05,1542857927.94
0,1.5,0.000555360070833,0.000543280183333,1542857942.29,82.1,0.05,1542857934.87
1,1.5,0.000568234675,0.000532471870833,1542857948.83,82.2,0.05,1542857942.29
2,1.5,0.000569665191667,0.000502828516667,1542857955.89,82.3,0.05,1542857948.83
3,1.5,0.000575625658333,0.000485502270833,1542857962.84,82.4,0.05,1542857955.9
4,1.5,0.0005621947375,0.000452997154167,1542857969.86,82.5,0.05,1542857962.85
5,1.5,0.0005881823875,0.000447592995833,1542857977.23,82.6,0.05,1542857969.86
6,1.5,0.000586195554167,0.000420492770833,1542857983.87,82.7,0.05,1542857977.23
7,1.5,0.0006035651,0.00040100284,1542857991.24,82.8,0.05,1542857983.87
8,1.5,0.000579758258333,0.000365179645833,1542857998.3,82.9,0.05,1542857991.24
9,1.5,0.000577243728,0.00034393498,1542858005.21,83.0,0.05,1542857998.31
0,1.5,0.0005934275625,0.0003190853875,1542858011.88,83.1,0.05,1542858005.22
1,1.5,0.000544392808333,0.000283799458333,1542858019.29,83.2,0.05,1542858011.88
2,1.5,0.00053811445,0.000253043454167,1542858025.83,83.3,0.05,1542858019.3
3,1.5,0.000511888425,0.000225147545833,1542858033.3,83.4,0.05,1542858025.83
4,1.5,0.000487648666667,0.000194391520833,1542858039.82,83.5,0.05,1542858033.3
5,1.5,0.000443857775,0.0001818348375,1542858047.34,83.6,0.05,1542858039.83
6,1.5,0.000420413304167,0.000161092429167,1542858053.81,83.7,0.05,1542858047.34
7,1.5,0.000381233175,0.000159344025,1542858060.86,83.8,0.05,1542858053.82
8,1.5,0.000351112966667,0.0001660992125,1542858067.89,83.9,0.05,1542858060.86
9,1.5,0.0003233769375,0.00017945065,1542858074.89,84.0,0.05,1542858067.89
0,1.5,0.000303508691667,0.000185808479167,1542858081.8,84.1,0.05,1542858074.89
1,1.5,0.000294051483333,0.0002211739,1542858088.88,84.2,0.05,1542858081.81
2,1.5,0.000288726775,0.000227372791667,1542858096.28,84.3,0.05,1542858088.88
3,1.5,0.000296594558333,0.000309866541667,1542858102.86,84.4,0.05,1542858096.28
4,1.5,0.0002949256625,0.000311058620833,1542858110.29,84.5,0.05,1542858102.86
5,1.5,0.0003005682,0.000327430058333,1542858116.85,84.6,0.05,1542858110.29
6,1.5,0.0003086744375,0.0003381588875,1542858123.88,84.7,0.05,1542858116.85
7,1.5,0.000317098570833,0.0003450730375,1542858130.86,84.8,0.05,1542858123.89
8,1.5,0.000313760716667,0.00033196,1542858137.86,84.9,0.05,1542858130.86
9,1.5,0.000334105766667,0.000345708816667,1542858144.88,85.0,0.05,1542858137.87
0,1.5,0.000343642504167,0.000354530295833,1542858151.86,85.1,0.05,1542858144.88
1,1.5,0.0003527819,0.000351192445833,1542858159.16,85.2,0.05,1542858151.87
2,1.5,0.000354927666667,0.00035468925,1542858165.87,85.3,0.05,1542858159.16
3,1.5,0.000353576616667,0.000343165670833,1542858172.94,85.4,0.05,1542858165.87
4,1.5,0.000325284270833,0.000290793058333,1542858179.83,85.5,0.05,1542858172.94
5,1.5,0.0003503977,0.000331483166667,1542858186.93,85.6,0.05,1542858179.84
6,1.5,0.000338953629167,0.000296038275,1542858193.86,85.7,0.05,1542858186.93
7,1.5,0.000361444441667,0.000333549458333,1542858201.34,85.8,0.05,1542858193.87
8,1.5,0.000371934829167,0.000355801866667,1542858207.87,85.9,0.05,1542858201.34
9,1.5,0.000378769495833,0.000366133325,1542858214.86,86.0,0.05,1542858207.87
0,1.5,0.000384809445833,0.0003761469,1542858221.89,86.1,0.05,1542858214.86
1,1.5,0.000391882516667,0.000390531483333,1542858228.87,86.2,0.05,1542858221.89
2,1.5,0.000394187245833,0.000396571420833,1542858236.22,86.3,0.05,1542858228.88
3,1.5,0.0004092871,0.0004115918125,1542858242.85,86.4,0.05,1542858236.22
4,1.5,0.000457606579167,0.000499490654167,1542858249.94,86.5,0.05,1542858242.86
5,1.5,0.000465394933333,0.0004990932875,1542858256.83,86.6,0.05,1542858249.94
6,1.5,0.000492576516667,0.000516815758333,1542858264.29,86.7,0.05,1542858256.84
7,1.5,0.000446321433333,0.000405392929167,1542858270.83,86.8,0.05,1542858264.29
8,1.5,0.000551624841667,0.000538909029167,1542858277.9,86.9,0.05,1542858270.84
9,1.5,0.000598752225,0.000566247866667,1542858284.87,87.0,0.05,1542858277.91
0,1.5,0.000621719895833,0.0005547242875,1542858291.86,87.1,0.05,1542858284.88
1,1.5,0.000692371275,0.000578486679167,1542858298.89,87.2,0.05,1542858291.86
2,1.5,0.0007615126625,0.000570300970833,1542858305.87,87.3,0.05,1542858298.89
3,1.5,0.0008088784875,0.000500920375,1542858313.24,87.4,0.05,1542858305.88
4,1.5,0.000707471125,0.000330132120833,1542858320.33,87.5,0.05,1542858313.24
5,1.5,0.00104364512917,0.000346026695833,1542858327.27,87.6,0.05,1542858320.33
6,1.5,0.001182563625,0.000283402104167,1542858333.84,87.7,0.05,1542858327.28
7,1.5,0.00120751795833,8.47980058333e-05,1542858341.27,87.8,0.05,1542858333.84
8,1.5,0.00111175316667,-0.000136535295833,1542858347.86,87.9,0.05,1542858341.28
9,1.5,0.000925361273077,-0.000278401426923,1542858355.44,88.0,0.05,1542858347.87
0,1.5,0.000713749504167,-0.000314873329167,1542858362.91,88.1,0.05,1542858355.45
1,1.5,0.000549558529167,-0.000271560641667,1542858369.88,88.2,0.05,1542858362.91
2,1.5,0.000432334245833,-0.000209650333333,1542858376.9,88.3,0.05,1542858369.88
3,1.5,0.000369232733333,-0.000142813645833,1542858383.92,88.4,0.05,1542858376.9
4,1.5,0.000318767479167,-8.32880258333e-05,1542858390.86,88.5,0.05,1542858383.92
5,1.5,0.000306131295833,-2.6703e-05,1542858397.8,88.6,0.05,1542858390.87
6,1.5,0.000301680820833,2.49545958333e-05,1542858404.83,88.7,0.05,1542858397.81
7,1.5,0.0002978661125,6.96981679167e-05,1542858411.92,88.8,0.05,1542858404.83
8,1.5,0.000297150875,0.0001050635625,1542858418.86,88.9,0.05,1542858411.92
9,1.5,0.0003023960875,0.000134945833333,1542858425.9,89.0,0.05,1542858418.87
0,1.5,0.000317416466667,0.000175238608333,1542858432.87,89.1,0.05,1542858425.91
1,1.5,0.000329098975,0.000203371970833,1542858439.91,89.2,0.05,1542858432.87
2,1.5,0.000338397320833,0.000225703854167,1542858446.84,89.3,0.05,1542858439.91
3,1.5,0.00034467565,0.000240803895833,1542858453.83,89.4,0.05,1542858446.86
4,1.5,0.000358265516667,0.0002639312375,1542858460.84,89.5,0.05,1542858453.83
5,1.5,0.000379007920833,0.000285229970833,1542858467.87,89.6,0.05,1542858460.85
6,1.5,0.000392359375,0.000298263504167,1542858474.96,89.7,0.05,1542858467.88
7,1.5,0.000404677670833,0.0003113765125,1542858482.19,89.8,0.05,1542858474.97
8,1.5,0.0004215259,0.000317972758333,1542858488.93,89.9,0.05,1542858482.2
9,1.5,0.000432970020833,0.000317336979167,1542858495.86,90.0,0.05,1542858488.93
0,1.5,0.00045005665,0.0003217079875,1542858503.3,90.1,0.05,1542858495.87
1,1.5,0.000479461629167,0.0003417351625,1542858509.86,90.2,0.05,1542858503.3
2,1.5,0.000497901195833,0.0003357747,1542858517.15,90.3,0.05,1542858509.87
3,1.5,0.000516736279167,0.000310581775,1542858523.83,90.4,0.05,1542858517.16
4,1.5,0.000453791879167,0.000317654883333,1542858531.33,90.5,0.05,1542858523.84
5,1.5,0.0004359105125,0.000335456795833,1542858537.84,90.6,0.05,1542858531.33
6,1.5,0.00044012255,0.000350238775,1542858544.87,90.7,0.05,1542858537.84
7,1.5,0.000460785491667,0.000370424841667,1542858551.91,90.8,0.05,1542858544.88
8,1.5,0.0004785079625,0.000377180041667,1542858558.85,90.9,0.05,1542858551.91
9,1.5,0.000497503829167,0.000378610545833,1542858565.93,91.0,0.05,1542858558.86
0,1.5,0.0005242862,0.000390134129167,1542858572.87,91.1,0.05,1542858565.93
1,1.5,0.000539386008333,0.000372809016667,1542858580.3,91.2,0.05,1542858572.87
2,1.5,0.000570300983333,0.00038035895,1542858586.86,91.3,0.05,1542858580.3
3,1.5,0.000578009858333,0.000351907695833,1542858593.84,91.4,0.05,1542858586.86
4,1.5,0.000547889604167,0.000322423254167,1542858600.81,91.5,0.05,1542858593.84
5,1.5,0.0005397039,0.0003650207,1542858607.9,91.6,0.05,1542858600.82
6,1.5,0.000563386841667,0.000381392095833,1542858615.42,91.7,0.05,1542858607.9
7,1.5,0.000591202366667,0.0003914056875,1542858621.88,91.8,0.05,1542858615.42
8,1.5,0.000611626845833,0.000375113741667,1542858628.91,91.9,0.05,1542858621.89
9,1.5,0.000626329320833,0.000374795858333,1542858635.86,92.0,0.05,1542858628.92
0,1.5,0.0006336408375,0.000340463591667,1542858642.8,92.1,0.05,1542858635.87
1,1.5,0.0006231504125,0.000309071795833,1542858649.85,92.2,0.05,1542858642.81
2,1.5,0.000617825729167,0.0002963561625,1542858657.29,92.3,0.05,1542858649.86
3,1.5,0.000613295766667,0.0002928593625,1542858663.83,92.4,0.05,1542858657.3
4,1.5,0.0005999443375,0.000268699608333,1542858670.87,92.5,0.05,1542858663.84
5,1.5,0.0005620358,0.0002199818125,1542858677.84,92.6,0.05,1542858670.87
6,1.5,0.000536842891667,0.000260911266667,1542858685.34,92.7,0.05,1542858677.85
7,1.5,0.0004990932875,0.000233174579167,1542858691.84,92.8,0.05,1542858685.34
8,1.5,0.000437023120833,0.000290952004167,1542858698.88,92.9,0.05,1542858691.85
9,1.5,0.000391246741667,0.000261626254167,1542858705.88,93.0,0.05,1542858698.88
0,1.5,0.000337284679167,0.000255824725,1542858712.87,93.1,0.05,1542858705.88
1,1.5,0.0003105023125,0.000418664883333,1542858719.8,93.2,0.05,1542858712.87
2,1.5,0.000297707191667,0.000452520329167,1542858726.88,93.3,0.05,1542858719.8
3,1.5,0.000275772691667,0.000525875633333,1542858733.93,93.4,0.05,1542858726.88
4,1.5,0.0002525666125,0.000555836908333,1542858740.84,93.5,0.05,1542858733.94
5,1.5,0.000243426958333,0.000588341329167,1542858748.29,93.6,0.05,1542858740.84
6,1.5,0.0002509768,0.000692848108333,1542858754.84,93.7,0.05,1542858748.3
7,1.5,0.000256619725,0.0007755793625,1542858761.88,93.8,0.05,1542858754.84
8,1.5,0.000255348154167,0.000829938783333,1542858769.38,93.9,0.05,1542858761.89
9,1.5,0.000265918058333,0.000885410829167,1542858775.86,94.0,0.05,1542858769.4
0,1.5,0.00028348155,0.000953439625,1542858782.88,94.1,0.05,1542858775.87
1,1.5,0.0003246484875,0.00101892891667,1542858789.85,94.2,0.05,1542858782.88
2,1.5,0.0003371257375,0.00105453283333,1542858796.92,94.3,0.05,1542858789.86
3,1.5,0.000393551458333,0.00113575416667,1542858803.85,94.4,0.05,1542858796.92
4,1.5,0.000405392916667,0.00117564958333,1542858810.92,94.5,0.05,1542858803.86
5,1.5,0.00043169845,0.00120704120833,1542858817.88,94.6,0.05,1542858810.92
6,1.5,0.00047819015,0.00124121445833,1542858825.3,94.7,0.05,1542858817.89
7,1.5,0.0005216635875,0.00127371895833,1542858831.83,94.8,0.05,1542858825.3
8,1.5,0.000606699529167,0.00135430445833,1542858839.34,94.9,0.05,1542858831.83
9,1.5,0.000660582141667,0.00140016020833,1542858845.81,95.0,0.05,1542858839.34
0,1.5,0.000760730648,0.00145203384,1542858853.34,95.1,0.05,1542858845.82
1,1.5,0.0007865466375,0.00144243979167,1542858859.88,95.2,0.05,1542858853.35
2,1.5,0.000886205570833,0.00151277345833,1542858866.85,95.3,0.05,1542858859.88
3,1.5,0.000967825295833,0.00153431025,1542858873.87,95.4,0.05,1542858866.86
4,1.5,0.000984199316667,0.00147788483333,1542858880.87,95.5,0.05,1542858873.88
5,1.5,0.00112423025,0.00154098608333,1542858887.8,95.6,0.05,1542858880.88
6,1.5,0.001289852,0.00157309329167,1542858894.82,95.7,0.05,1542858887.81
7,1.5,0.001412319625,0.00157945104167,1542858902.28,95.8,0.05,1542858894.83
8,1.5,0.00151197854167,0.00157182154167,1542858908.84,95.9,0.05,1542858902.28
9,1.5,0.0017085945,0.00157031170833,1542858916.27,96.0,0.05,1542858908.85
0,1.5,0.00189773991667,0.00153860204167,1542858922.83,96.1,0.05,1542858916.28
1,1.5,0.00209134320833,0.00147232179167,1542858930.33,96.2,0.05,1542858922.84
2,1.5,0.00226387883333,0.0014287705,1542858936.84,96.3,0.05,1542858930.34
3,1.5,0.0023932605,0.00134723145833,1542858943.83,96.4,0.05,1542858936.86
4,1.5,0.00244936829167,0.00126601016667,1542858950.86,96.5,0.05,1542858943.84
5,1.5,0.00259122754167,0.001189477875,1542858957.85,96.6,0.05,1542858950.87
6,1.5,0.002696290625,0.00107201691667,1542858964.8,96.7,0.05,1542858957.86
7,1.5,0.00282185766667,0.000957413245833,1542858971.85,96.8,0.05,1542858964.81
8,1.5,0.00286826991667,0.000860217975,1542858979.27,96.9,0.05,1542858971.85
9,1.5,0.00304803758333,0.00067981455,1542858986.32,97.0,0.05,1542858979.27
0,1.5,0.00308403866667,0.0005133189375,1542858993.31,97.1,0.05,1542858986.33
1,1.5,0.00316478308333,0.000361603366667,1542858999.85,97.2,0.05,1542858993.32
2,1.5,0.00313664966667,0.000224273541667,1542859007.31,97.3,0.05,1542858999.85
3,1.5,0.00324719645833,6.92213270833e-05,1542859013.84,97.4,0.05,1542859007.32
4,1.5,0.00337324033333,-0.000148933083333,1542859020.85,97.5,0.05,1542859013.85
5,1.5,0.00337498883333,-0.000312489133333,1542859027.86,97.6,0.05,1542859020.85
6,1.5,0.00339851291667,-0.000526511416667,1542859034.85,97.7,0.05,1542859027.87
7,1.5,0.003329133,-0.000693245475,1542859042.17,97.8,0.05,1542859034.86
8,1.5,0.00340367858333,-0.000947002308333,1542859048.84,97.9,0.05,1542859042.17
9,1.5,0.00332937129167,-0.001137264125,1542859055.94,98.0,0.05,1542859048.84
0,1.5,0.00323034825,-0.00133300554167,1542859062.86,98.1,0.05,1542859055.95
1,1.5,0.0031056362,-0.00149285112,1542859070.29,98.2,0.05,1542859062.86
2,1.5,0.00302236783333,-0.00170319020833,1542859076.84,98.3,0.05,1542859070.3
3,1.5,0.00289354229167,-0.00189599154167,1542859083.91,98.4,0.05,1542859076.85
4,1.5,0.00260036691667,-0.00202267858333,1542859090.84,98.5,0.05,1542859083.92
5,1.5,0.00212599329167,-0.00206543495833,1542859097.85,98.6,0.05,1542859090.85
6,1.5,0.001790292625,-0.001991048625,1542859104.81,98.7,0.05,1542859097.86
7,1.5,0.00143751241667,-0.00187350066667,1542859111.9,98.8,0.05,1542859104.82
8,1.5,0.00113511833333,-0.00165455270833,1542859118.87,98.9,0.05,1542859111.9
9,1.5,0.00088508685,-0.00136757626923,1542859126.38,99.0,0.05,1542859118.88
0,1.5,0.0006705162375,-0.00106661270833,1542859132.88,99.1,0.05,1542859126.39
1,1.5,0.0005857187,-0.000779553025,1542859139.86,99.2,0.05,1542859132.88
2,1.5,0.000523411966667,-0.000406267125,1542859146.89,99.3,0.05,1542859139.87
3,1.5,0.0005912818125,-8.66258833333e-05,1542859153.86,99.4,0.05,1542859146.9
4,1.5,0.000729485116667,0.000223081245833,1542859160.93,99.5,0.05,1542859153.86
5,1.5,0.000932140904167,0.000488045875,1542859167.92,99.6,0.05,1542859160.94
6,1.5,0.001194007625,0.000704689579167,1542859174.86,99.7,0.05,1542859167.92
7,1.5,0.00149250766667,0.0008571185375,1542859181.81,99.8,0.05,1542859174.87
8,1.5,0.001837817375,0.000945571791667,1542859189.2,99.9,0.05,1542859181.83
9,1.5,0.00165685766667,0.0009277699,1542859196.19,100.0,0.05,1542859189.21
